scheme,fold,model,task,acc
paper_10fold,0,self_supervised,arousal,0.6472727272727272
paper_10fold,0,self_supervised,valence,0.54
paper_10fold,1,self_supervised,arousal,0.6418181818181818
paper_10fold,1,self_supervised,valence,0.5472727272727272
paper_10fold,2,self_supervised,arousal,0.6527272727272727
paper_10fold,2,self_supervised,valence,0.58
paper_10fold,3,self_supervised,arousal,0.6618181818181819
paper_10fold,3,self_supervised,valence,0.5490909090909091
paper_10fold,4,self_supervised,arousal,0.6454545454545455
paper_10fold,4,self_supervised,valence,0.5727272727272728
paper_10fold,5,self_supervised,arousal,0.6527272727272727
paper_10fold,5,self_supervised,valence,0.5854545454545454
paper_10fold,6,self_supervised,arousal,0.6709090909090909
paper_10fold,6,self_supervised,valence,0.5945454545454546
paper_10fold,7,self_supervised,arousal,0.6636363636363637
paper_10fold,7,self_supervised,valence,0.5490909090909091
paper_10fold,8,self_supervised,arousal,0.6618181818181819
paper_10fold,8,self_supervised,valence,0.5472727272727272
paper_10fold,9,self_supervised,arousal,0.6775956284153005
paper_10fold,9,self_supervised,valence,0.5555555555555556
trial_10fold,0,self_supervised,arousal,0.5480943738656987
trial_10fold,0,self_supervised,valence,0.47368421052631576
trial_10fold,1,self_supervised,arousal,0.542649727767695
trial_10fold,1,self_supervised,valence,0.5172413793103449
trial_10fold,2,self_supervised,arousal,0.558983666061706
trial_10fold,2,self_supervised,valence,0.5081669691470054
trial_10fold,3,self_supervised,arousal,0.6263736263736264
trial_10fold,3,self_supervised,valence,0.5054945054945055
trial_10fold,4,self_supervised,arousal,0.5727272727272728
trial_10fold,4,self_supervised,valence,0.5072727272727273
trial_10fold,5,self_supervised,arousal,0.6072727272727273
trial_10fold,5,self_supervised,valence,0.48545454545454547
trial_10fold,6,self_supervised,arousal,0.5981818181818181
trial_10fold,6,self_supervised,valence,0.44
trial_10fold,7,self_supervised,arousal,0.6036363636363636
trial_10fold,7,self_supervised,valence,0.43454545454545457
trial_10fold,8,self_supervised,arousal,0.6327272727272727
trial_10fold,8,self_supervised,valence,0.48727272727272725
trial_10fold,9,self_supervised,arousal,0.6363636363636364
trial_10fold,9,self_supervised,valence,0.4909090909090909
loso,0,self_supervised,arousal,0.5142857142857142
loso,0,self_supervised,valence,0.4642857142857143
loso,1,self_supervised,arousal,0.6571428571428571
loso,1,self_supervised,valence,0.4785714285714286
loso,2,self_supervised,arousal,0.5071428571428571
loso,2,self_supervised,valence,0.5571428571428572
loso,3,self_supervised,arousal,0.6285714285714286
loso,3,self_supervised,valence,0.4642857142857143
loso,4,self_supervised,arousal,0.6642857142857143
loso,4,self_supervised,valence,0.6
loso,5,self_supervised,arousal,0.3357142857142857
loso,5,self_supervised,valence,0.4857142857142857
loso,6,self_supervised,arousal,0.5214285714285715
loso,6,self_supervised,valence,0.4714285714285714
loso,7,self_supervised,arousal,0.5071428571428571
loso,7,self_supervised,valence,0.45714285714285713
loso,8,self_supervised,arousal,0.5897435897435898
loso,8,self_supervised,valence,0.46153846153846156
loso,9,self_supervised,arousal,0.7642857142857142
loso,9,self_supervised,valence,0.4857142857142857
loso,10,self_supervised,arousal,0.29285714285714287
loso,10,self_supervised,valence,0.7
loso,11,self_supervised,arousal,0.4785714285714286
loso,11,self_supervised,valence,0.4357142857142857
loso,12,self_supervised,arousal,0.6357142857142857
loso,12,self_supervised,valence,0.5642857142857143
loso,13,self_supervised,arousal,0.5428571428571428
loso,13,self_supervised,valence,0.42142857142857143
loso,14,self_supervised,arousal,0.5642857142857143
loso,14,self_supervised,valence,0.40714285714285714
loso,15,self_supervised,arousal,0.55
loso,15,self_supervised,valence,0.40714285714285714
loso,16,self_supervised,arousal,0.5714285714285714
loso,16,self_supervised,valence,0.4142857142857143
loso,17,self_supervised,arousal,0.4785714285714286
loso,17,self_supervised,valence,0.4
loso,18,self_supervised,arousal,0.55
loso,18,self_supervised,valence,0.5142857142857142
loso,19,self_supervised,arousal,0.5142857142857142
loso,19,self_supervised,valence,0.5357142857142857
loso,20,self_supervised,arousal,0.4785714285714286
loso,20,self_supervised,valence,0.5928571428571429
loso,21,self_supervised,arousal,0.45
loso,21,self_supervised,valence,0.42142857142857143
loso,22,self_supervised,arousal,0.4857142857142857
loso,22,self_supervised,valence,0.5857142857142857
loso,23,self_supervised,arousal,0.5928571428571429
loso,23,self_supervised,valence,0.45714285714285713
loso,24,self_supervised,arousal,0.4
loso,24,self_supervised,valence,0.5071428571428571
loso,25,self_supervised,arousal,0.5214285714285715
loso,25,self_supervised,valence,0.5928571428571429
loso,26,self_supervised,arousal,0.5
loso,26,self_supervised,valence,0.44285714285714284
loso,27,self_supervised,arousal,0.5785714285714286
loso,27,self_supervised,valence,0.5642857142857143
loso,28,self_supervised,arousal,0.45714285714285713
loso,28,self_supervised,valence,0.45714285714285713
loso,29,self_supervised,arousal,0.6785714285714286
loso,29,self_supervised,valence,0.4785714285714286
loso,30,self_supervised,arousal,0.38571428571428573
loso,30,self_supervised,valence,0.5214285714285715
loso,31,self_supervised,arousal,0.5357142857142857
loso,31,self_supervised,valence,0.38571428571428573
loso,32,self_supervised,arousal,0.45714285714285713
loso,32,self_supervised,valence,0.45
loso,33,self_supervised,arousal,0.5142857142857142
loso,33,self_supervised,valence,0.5428571428571428
loso,34,self_supervised,arousal,0.4785714285714286
loso,34,self_supervised,valence,0.5428571428571428
loso,35,self_supervised,arousal,0.5928571428571429
loso,35,self_supervised,valence,0.5285714285714286
loso,36,self_supervised,arousal,0.37857142857142856
loso,36,self_supervised,valence,0.55
loso,37,self_supervised,arousal,0.5142857142857142
loso,37,self_supervised,valence,0.5285714285714286
loso,38,self_supervised,arousal,0.5214285714285715
loso,38,self_supervised,valence,0.5
loso,39,self_supervised,arousal,0.5928571428571429
loso,39,self_supervised,valence,0.42142857142857143
