scheme,model,pretext_epoch,fold,target,train_acc,test_acc,test_f1
paper_10fold,self_supervised,10,0,arousal_bin,0.695898161244696,0.6454545454545455,0.6436628469095851
paper_10fold,self_supervised,10,0,valence_bin,0.6090119216003232,0.5763636363636364,0.47569542466011233
paper_10fold,self_supervised,10,0,dominance_bin,0.7094362497474237,0.6618181818181819,0.6376657599455967
paper_10fold,self_supervised,10,0,arousal_9,0.5653667407557083,0.41454545454545455,0.28192449335405834
paper_10fold,self_supervised,10,0,valence_9,0.48898767427763185,0.3490909090909091,0.338172382501597
paper_10fold,self_supervised,10,0,dominance_9,0.5633461305314205,0.42727272727272725,0.38918030378028173
paper_10fold,self_supervised,10,1,arousal_bin,0.7102444938371388,0.649090909090909,0.6474956082236634
paper_10fold,self_supervised,10,1,valence_bin,0.5956758941200242,0.5872727272727273,0.5320096409387546
paper_10fold,self_supervised,10,1,dominance_bin,0.730652657102445,0.6872727272727273,0.6761338737949167
paper_10fold,self_supervised,10,1,arousal_9,0.5578904829258436,0.4509090909090909,0.37048544464030403
paper_10fold,self_supervised,10,1,valence_9,0.4724186704384724,0.34363636363636363,0.32169038691011775
paper_10fold,self_supervised,10,1,dominance_9,0.5489997979389776,0.4381818181818182,0.40045516928564173
paper_10fold,self_supervised,10,2,arousal_bin,0.6961002222671246,0.6418181818181818,0.6308033052219099
paper_10fold,self_supervised,10,2,valence_bin,0.6043645180844615,0.6054545454545455,0.5227126398170032
paper_10fold,self_supervised,10,2,dominance_bin,0.725197009496868,0.7272727272727273,0.717948717948718
paper_10fold,self_supervised,10,2,arousal_9,0.5625378864417054,0.4690909090909091,0.3476299496300936
paper_10fold,self_supervised,10,2,valence_9,0.46837744998989694,0.35818181818181816,0.32729854478526493
paper_10fold,self_supervised,10,2,dominance_9,0.5827439886845828,0.4636363636363636,0.4180617720529226
paper_10fold,self_supervised,10,3,arousal_bin,0.6799353404728228,0.6163636363636363,0.5968512361954985
paper_10fold,self_supervised,10,3,valence_bin,0.6077995554657507,0.6290909090909091,0.5223499361430396
paper_10fold,self_supervised,10,3,dominance_bin,0.7245908264295817,0.6981818181818182,0.689493803479846
paper_10fold,self_supervised,10,3,arousal_9,0.5738533036977167,0.4690909090909091,0.3842705086870601
paper_10fold,self_supervised,10,3,valence_9,0.5029298848252172,0.38181818181818183,0.33704046070589594
paper_10fold,self_supervised,10,3,dominance_9,0.5766821580117195,0.4509090909090909,0.3686082099048585
paper_10fold,self_supervised,10,4,arousal_bin,0.7025661749848454,0.6527272727272727,0.6401053818034814
paper_10fold,self_supervised,10,4,valence_bin,0.5999191755910285,0.5618181818181818,0.4394187379203302
paper_10fold,self_supervised,10,4,dominance_bin,0.7449989896948879,0.6818181818181818,0.6620565919153403
paper_10fold,self_supervised,10,4,arousal_9,0.5683976560921399,0.41818181818181815,0.29029299378998524
paper_10fold,self_supervised,10,4,valence_9,0.5019195797130733,0.32727272727272727,0.30290852937078044
paper_10fold,self_supervised,10,4,dominance_9,0.5813295615275813,0.4127272727272727,0.36471122848552784
paper_10fold,self_supervised,10,5,arousal_bin,0.7072135785007072,0.6618181818181819,0.6565685050155099
paper_10fold,self_supervised,10,5,valence_bin,0.6122448979591837,0.56,0.45436507936507936
paper_10fold,self_supervised,10,5,dominance_bin,0.7211557890482926,0.6836363636363636,0.6767983789260386
paper_10fold,self_supervised,10,5,arousal_9,0.5637502525762781,0.42727272727272725,0.304888193432447
paper_10fold,self_supervised,10,5,valence_9,0.4908062234794908,0.3090909090909091,0.27616337666681906
paper_10fold,self_supervised,10,5,dominance_9,0.5698120832491412,0.43454545454545457,0.4061540710619411
paper_10fold,self_supervised,10,6,arousal_bin,0.7041826631642756,0.6290909090909091,0.6147824653922215
paper_10fold,self_supervised,10,6,valence_bin,0.5906243685593049,0.5763636363636364,0.43238945657325345
paper_10fold,self_supervised,10,6,dominance_bin,0.7316629622145888,0.6654545454545454,0.6520375744405782
paper_10fold,self_supervised,10,6,arousal_9,0.5724388765407153,0.4072727272727273,0.3123947805881806
paper_10fold,self_supervised,10,6,valence_9,0.4998989694887856,0.30727272727272725,0.2662976850594188
paper_10fold,self_supervised,10,6,dominance_9,0.574459486765003,0.4218181818181818,0.3623649454147911
paper_10fold,self_supervised,10,7,arousal_bin,0.695898161244696,0.6563636363636364,0.6466917500229421
paper_10fold,self_supervised,10,7,valence_bin,0.6031521519498889,0.5709090909090909,0.4720486789014708
paper_10fold,self_supervised,10,7,dominance_bin,0.7124671650838553,0.6672727272727272,0.6616340403215233
paper_10fold,self_supervised,10,7,arousal_9,0.5685997171145686,0.41818181818181815,0.2938077115412392
paper_10fold,self_supervised,10,7,valence_9,0.5160638512830875,0.3290909090909091,0.2999044662001536
paper_10fold,self_supervised,10,7,dominance_9,0.5760759749444332,0.43454545454545457,0.39761315284023646
paper_10fold,self_supervised,10,8,arousal_bin,0.7201454839361487,0.6309090909090909,0.6218779104224875
paper_10fold,self_supervised,10,8,valence_bin,0.5892099414023035,0.5781818181818181,0.4218500797448166
paper_10fold,self_supervised,10,8,dominance_bin,0.7086280056577087,0.6363636363636364,0.6333333333333333
paper_10fold,self_supervised,10,8,arousal_9,0.5853707819761568,0.42727272727272725,0.3505821405298448
paper_10fold,self_supervised,10,8,valence_9,0.4827237825823399,0.34363636363636363,0.32242696656353487
paper_10fold,self_supervised,10,8,dominance_9,0.5617296423519903,0.4036363636363636,0.342870337538032
paper_10fold,self_supervised,10,9,arousal_bin,0.7016161616161616,0.663023679417122,0.6499750142160494
paper_10fold,self_supervised,10,9,valence_bin,0.6127272727272727,0.5664845173041895,0.47322206095791
paper_10fold,self_supervised,10,9,dominance_bin,0.7208080808080808,0.6830601092896175,0.6728472012931861
paper_10fold,self_supervised,10,9,arousal_9,0.5444444444444444,0.4553734061930783,0.3637491388930306
paper_10fold,self_supervised,10,9,valence_9,0.5155555555555555,0.3296903460837887,0.2935132256266308
paper_10fold,self_supervised,10,9,dominance_9,0.5715151515151515,0.44990892531876137,0.4333055794680356
trial_10fold,self_supervised,10,0,arousal_bin,0.7039207760711399,0.5753176043557169,0.5741379310344827
trial_10fold,self_supervised,10,0,valence_bin,0.6123686337914309,0.5226860254083484,0.45827118403295686
trial_10fold,self_supervised,10,0,dominance_bin,0.7356507679870655,0.5335753176043557,0.5321885292747628
trial_10fold,self_supervised,10,0,arousal_9,0.572554567502021,0.2849364791288566,0.2099882678773334
trial_10fold,self_supervised,10,0,valence_9,0.5200080840743735,0.22323049001814882,0.15819803780478917
trial_10fold,self_supervised,10,0,dominance_9,0.5879143088116411,0.3176043557168784,0.2598673634840371
trial_10fold,self_supervised,10,1,arousal_bin,0.6978577202910267,0.5716878402903811,0.5656432045320934
trial_10fold,self_supervised,10,1,valence_bin,0.5933710590137429,0.6678765880217786,0.5331481352871728
trial_10fold,self_supervised,10,1,dominance_bin,0.6998787388843978,0.6642468239564429,0.6444553733680733
trial_10fold,self_supervised,10,1,arousal_9,0.5929668552950688,0.30127041742286753,0.18964567330242188
trial_10fold,self_supervised,10,1,valence_9,0.5101050929668552,0.23774954627949182,0.21097562011675924
trial_10fold,self_supervised,10,1,dominance_9,0.5919563459983832,0.3176043557168784,0.2264071516146068
trial_10fold,self_supervised,10,2,arousal_bin,0.6988682295877122,0.5480943738656987,0.5480407820400903
trial_10fold,self_supervised,10,2,valence_bin,0.6226758286176233,0.46823956442831216,0.40782026593305826
trial_10fold,self_supervised,10,2,dominance_bin,0.7162489894907034,0.6588021778584392,0.6356127761362037
trial_10fold,self_supervised,10,2,arousal_9,0.5644704931285368,0.3466424682395644,0.2055099373035956
trial_10fold,self_supervised,10,2,valence_9,0.5418350848827809,0.22141560798548093,0.2560588568262858
trial_10fold,self_supervised,10,2,dominance_9,0.5693209377526274,0.3702359346642468,0.3089047083038123
trial_10fold,self_supervised,10,3,arousal_bin,0.7080557238037553,0.6263736263736264,0.6260525078896125
trial_10fold,self_supervised,10,3,valence_bin,0.5923682616596002,0.5824175824175825,0.4498789175048168
trial_10fold,self_supervised,10,3,dominance_bin,0.723399959620432,0.6538461538461539,0.6532308198946862
trial_10fold,self_supervised,10,3,arousal_9,0.5820714718352513,0.24725274725274726,0.18271088959671175
trial_10fold,self_supervised,10,3,valence_9,0.5041389057137089,0.21978021978021978,0.19247080891576093
trial_10fold,self_supervised,10,3,dominance_9,0.6034726428427216,0.27289377289377287,0.20123882504333626
trial_10fold,self_supervised,10,4,arousal_bin,0.7152960193978581,0.5436363636363636,0.5430910938342948
trial_10fold,self_supervised,10,4,valence_bin,0.6221458880581936,0.4909090909090909,0.4251672240802675
trial_10fold,self_supervised,10,4,dominance_bin,0.7320670842594463,0.6018181818181818,0.587921956626605
trial_10fold,self_supervised,10,4,arousal_9,0.5716306324510002,0.3,0.20283763455135354
trial_10fold,self_supervised,10,4,valence_9,0.507577288341079,0.2109090909090909,0.1853674048078696
trial_10fold,self_supervised,10,4,dominance_9,0.5813295615275813,0.2509090909090909,0.22923221786652118
trial_10fold,self_supervised,10,5,arousal_bin,0.7134774701959992,0.6272727272727273,0.5863463097688308
trial_10fold,self_supervised,10,5,valence_bin,0.5983026874115983,0.5781818181818181,0.45436507936507936
trial_10fold,self_supervised,10,5,dominance_bin,0.7348959385734491,0.6545454545454545,0.6259788973356812
trial_10fold,self_supervised,10,5,arousal_9,0.5908264295817337,0.3654545454545455,0.22655862168611623
trial_10fold,self_supervised,10,5,valence_9,0.5332390381895332,0.1709090909090909,0.13102639877296118
trial_10fold,self_supervised,10,5,dominance_9,0.5706203273388564,0.34363636363636363,0.24167903451754708
trial_10fold,self_supervised,10,6,arousal_bin,0.7070115174782784,0.5654545454545454,0.5649353443282727
trial_10fold,self_supervised,10,6,valence_bin,0.5877955142453021,0.64,0.4256450285858948
trial_10fold,self_supervised,10,6,dominance_bin,0.7122651040614265,0.6054545454545455,0.5983793842602407
trial_10fold,self_supervised,10,6,arousal_9,0.5841584158415841,0.2545454545454545,0.1883807488354024
trial_10fold,self_supervised,10,6,valence_9,0.5168720953728025,0.14727272727272728,0.1250305083199954
trial_10fold,self_supervised,10,6,dominance_9,0.5704182663164276,0.2818181818181818,0.19254546813587814
trial_10fold,self_supervised,10,7,arousal_bin,0.7045867852091332,0.6290909090909091,0.6174356596336656
trial_10fold,self_supervised,10,7,valence_bin,0.6181046676096181,0.5272727272727272,0.36505399261153737
trial_10fold,self_supervised,10,7,dominance_bin,0.7072135785007072,0.5818181818181818,0.5708314673831916
trial_10fold,self_supervised,10,7,arousal_9,0.5621337643968478,0.34,0.1949026054439364
trial_10fold,self_supervised,10,7,valence_9,0.5192968276419478,0.14363636363636365,0.12130820639648905
trial_10fold,self_supervised,10,7,dominance_9,0.5841584158415841,0.26545454545454544,0.2119262656256355
trial_10fold,self_supervised,10,8,arousal_bin,0.7031723580521317,0.5745454545454546,0.5683293978748524
trial_10fold,self_supervised,10,8,valence_bin,0.6286118407759144,0.5527272727272727,0.5226772409121698
trial_10fold,self_supervised,10,8,dominance_bin,0.7258031925641544,0.6436363636363637,0.6422693002017628
trial_10fold,self_supervised,10,8,arousal_9,0.5819357445948676,0.3418181818181818,0.22570697651472463
trial_10fold,self_supervised,10,8,valence_9,0.5358658314811073,0.13636363636363635,0.10056233493748927
trial_10fold,self_supervised,10,8,dominance_9,0.5827439886845828,0.2509090909090909,0.22439347498952833
trial_10fold,self_supervised,10,9,arousal_bin,0.708223883612851,0.6745454545454546,0.6710119598597832
trial_10fold,self_supervised,10,9,valence_bin,0.6273994746413417,0.5036363636363637,0.43875663007277665
trial_10fold,self_supervised,10,9,dominance_bin,0.7276217417660134,0.6418181818181818,0.6360906700163567
trial_10fold,self_supervised,10,9,arousal_9,0.5740553647201455,0.3054545454545455,0.20729553359322603
trial_10fold,self_supervised,10,9,valence_9,0.5235401091129521,0.19636363636363635,0.1674359822231995
trial_10fold,self_supervised,10,9,dominance_9,0.594059405940594,0.28363636363636363,0.19915512660510598
paper_10fold,self_supervised,25,0,arousal_bin,0.7324712063043038,0.6818181818181818,0.681159420289855
paper_10fold,self_supervised,25,0,valence_bin,0.6455849666599313,0.5963636363636363,0.5559095670391061
paper_10fold,self_supervised,25,0,dominance_bin,0.7551020408163265,0.7,0.6890962722386096
paper_10fold,self_supervised,25,0,arousal_9,0.6668013740149525,0.48,0.3378325037622416
paper_10fold,self_supervised,25,0,valence_9,0.6273994746413417,0.4109090909090909,0.4022926118895944
paper_10fold,self_supervised,25,0,dominance_9,0.6926651848858355,0.4490909090909091,0.4431997924911187
paper_10fold,self_supervised,25,1,arousal_bin,0.7494443321883208,0.6818181818181818,0.6818087149700321
paper_10fold,self_supervised,25,1,valence_bin,0.6609416043645181,0.6363636363636364,0.6087970866052123
paper_10fold,self_supervised,25,1,dominance_bin,0.7553041018387553,0.7163636363636363,0.6995798319327731
paper_10fold,self_supervised,25,1,arousal_9,0.6754899979793898,0.48363636363636364,0.40381004057509057
paper_10fold,self_supervised,25,1,valence_9,0.6211355829460498,0.4109090909090909,0.38607049817921435
paper_10fold,self_supervised,25,1,dominance_9,0.696706405334411,0.4781818181818182,0.4586824891882259
paper_10fold,self_supervised,25,2,arousal_bin,0.7399474641341686,0.7090909090909091,0.7064670642703705
paper_10fold,self_supervised,25,2,valence_bin,0.6518488583552233,0.6145454545454545,0.5945983533600356
paper_10fold,self_supervised,25,2,dominance_bin,0.7593453222873308,0.7454545454545455,0.7387669801462905
paper_10fold,self_supervised,25,2,arousal_9,0.6758941200242473,0.5145454545454545,0.40773192961220006
paper_10fold,self_supervised,25,2,valence_9,0.6144675692059002,0.39636363636363636,0.3671769764134313
paper_10fold,self_supervised,25,2,dominance_9,0.6898363305718327,0.5163636363636364,0.4785311830172275
paper_10fold,self_supervised,25,3,arousal_bin,0.7559102849060416,0.7036363636363636,0.7029204264160572
paper_10fold,self_supervised,25,3,valence_bin,0.6284097797534856,0.6436363636363637,0.5800610820244329
paper_10fold,self_supervised,25,3,dominance_bin,0.7720751667003435,0.6818181818181818,0.6770253447020411
paper_10fold,self_supervised,25,3,arousal_9,0.6585168720953728,0.5181818181818182,0.4281968569471899
paper_10fold,self_supervised,25,3,valence_9,0.6267932915740554,0.3836363636363636,0.3377910290772134
paper_10fold,self_supervised,25,3,dominance_9,0.6866033542129724,0.4381818181818182,0.4189348449017039
paper_10fold,self_supervised,25,4,arousal_bin,0.7603556273994746,0.7127272727272728,0.7111997341309405
paper_10fold,self_supervised,25,4,valence_bin,0.6397251970094968,0.5709090909090909,0.49265958943731336
paper_10fold,self_supervised,25,4,dominance_bin,0.7807637906647807,0.6872727272727273,0.6790565756082998
paper_10fold,self_supervised,25,4,arousal_9,0.6769044251363912,0.46,0.39549774756781997
paper_10fold,self_supervised,25,4,valence_9,0.6425540513234997,0.34545454545454546,0.3393576592887217
paper_10fold,self_supervised,25,4,dominance_9,0.6956961002222671,0.44,0.4146144505218254
paper_10fold,self_supervised,25,5,arousal_bin,0.7492422711658921,0.6909090909090909,0.69049983449189
paper_10fold,self_supervised,25,5,valence_bin,0.6779147302485351,0.5927272727272728,0.5678345423676493
paper_10fold,self_supervised,25,5,dominance_bin,0.7395433420893109,0.7145454545454546,0.6912752637656909
paper_10fold,self_supervised,25,5,arousal_9,0.6811477066073954,0.4218181818181818,0.3587879611414526
paper_10fold,self_supervised,25,5,valence_9,0.6318448171347747,0.38,0.36103719769722226
paper_10fold,self_supervised,25,5,dominance_9,0.694887856132552,0.46,0.4207157923161033
paper_10fold,self_supervised,25,6,arousal_bin,0.7478278440088907,0.6763636363636364,0.6760895170789163
paper_10fold,self_supervised,25,6,valence_bin,0.6197211557890483,0.5818181818181818,0.45662445662445666
paper_10fold,self_supervised,25,6,dominance_bin,0.7809658516872096,0.7090909090909091,0.7043010752688172
paper_10fold,self_supervised,25,6,arousal_9,0.6773085471812488,0.4218181818181818,0.34978858808920127
paper_10fold,self_supervised,25,6,valence_9,0.6259850474843403,0.33636363636363636,0.3141755180527968
paper_10fold,self_supervised,25,6,dominance_9,0.7039806021418469,0.4290909090909091,0.36659257735703676
paper_10fold,self_supervised,25,7,arousal_bin,0.7585370781976157,0.6618181818181819,0.6615317425656093
paper_10fold,self_supervised,25,7,valence_bin,0.6657910689028087,0.5909090909090909,0.5831578947368421
paper_10fold,self_supervised,25,7,dominance_bin,0.7775308143059204,0.7036363636363636,0.6952950013425374
paper_10fold,self_supervised,25,7,arousal_9,0.6655890078803799,0.44727272727272727,0.3414092970771783
paper_10fold,self_supervised,25,7,valence_9,0.6435643564356436,0.37272727272727274,0.344587466933014
paper_10fold,self_supervised,25,7,dominance_9,0.6890280864821176,0.45636363636363636,0.44720518160844247
paper_10fold,self_supervised,25,8,arousal_bin,0.7367144877753081,0.6618181818181819,0.6577450652392105
paper_10fold,self_supervised,25,8,valence_bin,0.6108304708021822,0.5945454545454546,0.4812878778266956
paper_10fold,self_supervised,25,8,dominance_bin,0.7441907456051727,0.6709090909090909,0.6365979287359594
paper_10fold,self_supervised,25,8,arousal_9,0.6599312992523743,0.46,0.4177070407050662
paper_10fold,self_supervised,25,8,valence_9,0.635077793493635,0.3654545454545455,0.3292245799766633
paper_10fold,self_supervised,25,8,dominance_9,0.6861992321681147,0.44363636363636366,0.4037189972367736
paper_10fold,self_supervised,25,9,arousal_bin,0.7484848484848485,0.6775956284153005,0.6746770138300686
paper_10fold,self_supervised,25,9,valence_bin,0.6781818181818182,0.6029143897996357,0.584691299761257
paper_10fold,self_supervised,25,9,dominance_bin,0.7614141414141414,0.7158469945355191,0.7037359900373599
paper_10fold,self_supervised,25,9,arousal_9,0.6630303030303031,0.4990892531876138,0.37889060438006766
paper_10fold,self_supervised,25,9,valence_9,0.6165656565656565,0.40255009107468126,0.38674442491298844
paper_10fold,self_supervised,25,9,dominance_9,0.6862626262626262,0.46083788706739526,0.425508034903962
trial_10fold,self_supervised,25,0,arousal_bin,0.7483831851253031,0.5644283121597096,0.5617593255388531
trial_10fold,self_supervised,25,0,valence_bin,0.6230800323362975,0.5499092558983666,0.489890995968344
trial_10fold,self_supervised,25,0,dominance_bin,0.7756669361358125,0.5771324863883848,0.5709769586793431
trial_10fold,self_supervised,25,0,arousal_9,0.6954324979789814,0.2631578947368421,0.18687981382518268
trial_10fold,self_supervised,25,0,valence_9,0.6705739692805174,0.2177858439201452,0.1838988172514412
trial_10fold,self_supervised,25,0,dominance_9,0.7081649151172191,0.2867513611615245,0.216277891627334
trial_10fold,self_supervised,25,1,arousal_bin,0.7459579628132579,0.5862068965517241,0.5817307692307692
trial_10fold,self_supervised,25,1,valence_bin,0.6586499595796281,0.5771324863883848,0.5560769153633632
trial_10fold,self_supervised,25,1,dominance_bin,0.7647534357316087,0.6588021778584392,0.6492347284301774
trial_10fold,self_supervised,25,1,arousal_9,0.677445432497979,0.3176043557168784,0.19625823710407816
trial_10fold,self_supervised,25,1,valence_9,0.6269199676637025,0.23049001814882034,0.18624682028423253
trial_10fold,self_supervised,25,1,dominance_9,0.7043249797898141,0.32849364791288566,0.2296744687969763
trial_10fold,self_supervised,25,2,arousal_bin,0.7431285367825384,0.5789473684210527,0.5718381564844588
trial_10fold,self_supervised,25,2,valence_bin,0.6396523848019402,0.5063520871143375,0.4481072322875239
trial_10fold,self_supervised,25,2,dominance_bin,0.7649555375909458,0.6896551724137931,0.6534935292754774
trial_10fold,self_supervised,25,2,arousal_9,0.6833063864187551,0.3484573502722323,0.19375751801643418
trial_10fold,self_supervised,25,2,valence_9,0.641269199676637,0.19419237749546278,0.20018998791016285
trial_10fold,self_supervised,25,2,dominance_9,0.7116006467259499,0.3393829401088929,0.2712795593845714
trial_10fold,self_supervised,25,3,arousal_bin,0.7664041994750657,0.6172161172161172,0.6106320907617504
trial_10fold,self_supervised,25,3,valence_bin,0.6044821320411872,0.5824175824175825,0.44725063938618925
trial_10fold,self_supervised,25,3,dominance_bin,0.7928528164748637,0.5659340659340659,0.5647060802287445
trial_10fold,self_supervised,25,3,arousal_9,0.6818090046436504,0.29120879120879123,0.1906034788306935
trial_10fold,self_supervised,25,3,valence_9,0.6400161518271754,0.21245421245421245,0.20604393461107112
trial_10fold,self_supervised,25,3,dominance_9,0.7217847769028871,0.2216117216117216,0.15976293444321865
trial_10fold,self_supervised,25,4,arousal_bin,0.7595473833097596,0.5363636363636364,0.5320179785178735
trial_10fold,self_supervised,25,4,valence_bin,0.6391190139422106,0.5327272727272727,0.4671085123147509
trial_10fold,self_supervised,25,4,dominance_bin,0.791270963831077,0.6309090909090909,0.6169482802984818
trial_10fold,self_supervised,25,4,arousal_9,0.6977167104465548,0.3290909090909091,0.2455350581779206
trial_10fold,self_supervised,25,4,valence_9,0.6411396241664983,0.22545454545454546,0.2205160721314906
trial_10fold,self_supervised,25,4,dominance_9,0.6999393816932714,0.3109090909090909,0.2888519283954569
trial_10fold,self_supervised,25,5,arousal_bin,0.7553041018387553,0.6072727272727273,0.5869492656875834
trial_10fold,self_supervised,25,5,valence_bin,0.6364922206506365,0.4909090909090909,0.4488110065999513
trial_10fold,self_supervised,25,5,dominance_bin,0.7870276823600727,0.6581818181818182,0.6428374046645298
trial_10fold,self_supervised,25,5,arousal_9,0.6991311376035563,0.33090909090909093,0.185923667616714
trial_10fold,self_supervised,25,5,valence_9,0.6415437462113558,0.14727272727272728,0.10532043975968038
trial_10fold,self_supervised,25,5,dominance_9,0.7130733481511417,0.2909090909090909,0.19563924872417282
trial_10fold,self_supervised,25,6,arousal_bin,0.7553041018387553,0.6472727272727272,0.6472540696367411
trial_10fold,self_supervised,25,6,valence_bin,0.6607395433420893,0.5672727272727273,0.5072204068725624
trial_10fold,self_supervised,25,6,dominance_bin,0.787633865427359,0.68,0.6676554603383872
trial_10fold,self_supervised,25,6,arousal_9,0.6825621337643969,0.27090909090909093,0.2059539064355265
trial_10fold,self_supervised,25,6,valence_9,0.6524550414225097,0.17636363636363636,0.14554944291041524
trial_10fold,self_supervised,25,6,dominance_9,0.709234188724995,0.2781818181818182,0.19924828944123613
trial_10fold,self_supervised,25,7,arousal_bin,0.7619721155789049,0.6127272727272727,0.6125107911527432
trial_10fold,self_supervised,25,7,valence_bin,0.6855930491008284,0.49454545454545457,0.47101479359543874
trial_10fold,self_supervised,25,7,dominance_bin,0.7449989896948879,0.7290909090909091,0.7278593037581651
trial_10fold,self_supervised,25,7,arousal_9,0.6801374014952516,0.32727272727272727,0.20290001370230953
trial_10fold,self_supervised,25,7,valence_9,0.6649828248130936,0.1509090909090909,0.11942024764847033
trial_10fold,self_supervised,25,7,dominance_9,0.7256011315417256,0.2818181818181818,0.23525473764785357
trial_10fold,self_supervised,25,8,arousal_bin,0.7478278440088907,0.6472727272727272,0.6243010661821664
trial_10fold,self_supervised,25,8,valence_bin,0.6522529804000808,0.5272727272727272,0.4964859649864086
trial_10fold,self_supervised,25,8,dominance_bin,0.7892503536067893,0.6545454545454545,0.6478208705733275
trial_10fold,self_supervised,25,8,arousal_9,0.6872095372802587,0.36363636363636365,0.2202455263947241
trial_10fold,self_supervised,25,8,valence_9,0.6484138209739341,0.12181818181818181,0.09771481270868833
trial_10fold,self_supervised,25,8,dominance_9,0.7159022024651445,0.2818181818181818,0.22974043311464534
trial_10fold,self_supervised,25,9,arousal_bin,0.748434027076177,0.64,0.6382732780612245
trial_10fold,self_supervised,25,9,valence_bin,0.6629622145888058,0.5254545454545455,0.48335618730902535
trial_10fold,self_supervised,25,9,dominance_bin,0.7795514245302081,0.6654545454545454,0.6585879304760877
trial_10fold,self_supervised,25,9,arousal_9,0.6831683168316832,0.3090909090909091,0.1950402683896344
trial_10fold,self_supervised,25,9,valence_9,0.6478076379066479,0.16545454545454547,0.13212260455586158
trial_10fold,self_supervised,25,9,dominance_9,0.7102444938371388,0.28545454545454546,0.20516004697016066
paper_10fold,self_supervised,50,0,arousal_bin,0.8175388967468176,0.7054545454545454,0.7053571428571428
paper_10fold,self_supervised,50,0,valence_bin,0.7253990705192969,0.5963636363636363,0.5836799825425185
paper_10fold,self_supervised,50,0,dominance_bin,0.8219842392402505,0.7163636363636363,0.7141867313355275
paper_10fold,self_supervised,50,0,arousal_9,0.8072337846029501,0.5036363636363637,0.39385744439398307
paper_10fold,self_supervised,50,0,valence_9,0.7706607395433421,0.43272727272727274,0.42382370290977645
paper_10fold,self_supervised,50,0,dominance_9,0.793089513032936,0.4527272727272727,0.4358480920287573
paper_10fold,self_supervised,50,1,arousal_bin,0.8058193574459487,0.7127272727272728,0.7123469049983449
paper_10fold,self_supervised,50,1,valence_bin,0.7106486158819963,0.64,0.61189753239533
paper_10fold,self_supervised,50,1,dominance_bin,0.8240048494645383,0.7327272727272728,0.722213632662317
paper_10fold,self_supervised,50,1,arousal_9,0.7928874520105071,0.5018181818181818,0.4399578970594012
paper_10fold,self_supervised,50,1,valence_9,0.7688421903414832,0.42363636363636364,0.41136280890508414
paper_10fold,self_supervised,50,1,dominance_9,0.7898565366740755,0.45636363636363636,0.44539953025773243
paper_10fold,self_supervised,50,2,arousal_bin,0.8195595069711052,0.7127272727272728,0.7113493835034014
paper_10fold,self_supervised,50,2,valence_bin,0.7221660941604364,0.6581818181818182,0.6474407059369076
paper_10fold,self_supervised,50,2,dominance_bin,0.8092543948272378,0.7527272727272727,0.7479138863051185
paper_10fold,self_supervised,50,2,arousal_9,0.7910689028086482,0.5345454545454545,0.39512686730167884
paper_10fold,self_supervised,50,2,valence_9,0.7310567791473025,0.3927272727272727,0.3603290097161154
paper_10fold,self_supervised,50,2,dominance_9,0.8187512628813902,0.52,0.5071110343455211
paper_10fold,self_supervised,50,3,arousal_bin,0.8149121034552435,0.7145454545454546,0.7126216823363009
paper_10fold,self_supervised,50,3,valence_bin,0.7021620529399879,0.6272727272727273,0.591383353084648
paper_10fold,self_supervised,50,3,dominance_bin,0.809052333804809,0.7127272727272728,0.7101362259669909
paper_10fold,self_supervised,50,3,arousal_9,0.7975348555263689,0.5509090909090909,0.43071202351553356
paper_10fold,self_supervised,50,3,valence_9,0.7747019599919176,0.38545454545454544,0.345028195800275
paper_10fold,self_supervised,50,3,dominance_9,0.8183471408365326,0.5109090909090909,0.474750039399735
paper_10fold,self_supervised,50,4,arousal_bin,0.8118811881188119,0.7036363636363636,0.6960305969870919
paper_10fold,self_supervised,50,4,valence_bin,0.7035764800969893,0.6,0.5609642820858913
paper_10fold,self_supervised,50,4,dominance_bin,0.829662558092544,0.7163636363636363,0.7119606816259114
paper_10fold,self_supervised,50,4,arousal_9,0.7934936350777935,0.5036363636363637,0.4480924958347783
paper_10fold,self_supervised,50,4,valence_9,0.7787431804404931,0.37272727272727274,0.3559500798154582
paper_10fold,self_supervised,50,4,dominance_9,0.7979389775712266,0.47454545454545455,0.46019380308347774
paper_10fold,self_supervised,50,5,arousal_bin,0.802788442109517,0.74,0.7379198197928016
paper_10fold,self_supervised,50,5,valence_bin,0.6864012931905435,0.58,0.521019713403531
paper_10fold,self_supervised,50,5,dominance_bin,0.8159224085673874,0.7236363636363636,0.719346305173965
paper_10fold,self_supervised,50,5,arousal_9,0.7858153162255,0.4727272727272727,0.3845117811340729
paper_10fold,self_supervised,50,5,valence_9,0.7666195190947667,0.3890909090909091,0.3744894553917212
paper_10fold,self_supervised,50,5,dominance_9,0.8104667609618105,0.49636363636363634,0.47572227642672327
paper_10fold,self_supervised,50,6,arousal_bin,0.7999595877955142,0.6672727272727272,0.6670250599619552
paper_10fold,self_supervised,50,6,valence_bin,0.7090321277025662,0.6163636363636363,0.572041258099133
paper_10fold,self_supervised,50,6,dominance_bin,0.8195595069711052,0.7127272727272728,0.7055275428323574
paper_10fold,self_supervised,50,6,arousal_9,0.8145079814103859,0.45454545454545453,0.3795707299500678
paper_10fold,self_supervised,50,6,valence_9,0.7777328753283491,0.3836363636363636,0.3514131804327238
paper_10fold,self_supervised,50,6,dominance_9,0.8240048494645383,0.46545454545454545,0.4263714888699579
paper_10fold,self_supervised,50,7,arousal_bin,0.8193574459486765,0.6963636363636364,0.6928288837833048
paper_10fold,self_supervised,50,7,valence_bin,0.7173166296221459,0.6272727272727273,0.5985987447088017
paper_10fold,self_supervised,50,7,dominance_bin,0.8264295817336835,0.6963636363636364,0.6930670240032615
paper_10fold,self_supervised,50,7,arousal_9,0.8035966861992322,0.4781818181818182,0.37887550875330667
paper_10fold,self_supervised,50,7,valence_9,0.7753081430592039,0.44545454545454544,0.4348272787601478
paper_10fold,self_supervised,50,7,dominance_9,0.8088502727823803,0.4490909090909091,0.43763514253021735
paper_10fold,self_supervised,50,8,arousal_bin,0.8191553849262477,0.6927272727272727,0.6918706221263082
paper_10fold,self_supervised,50,8,valence_bin,0.7017579308951303,0.610909090909091,0.5676354766662748
paper_10fold,self_supervised,50,8,dominance_bin,0.8276419478682562,0.7163636363636363,0.7095896345838806
paper_10fold,self_supervised,50,8,arousal_9,0.7981410385936553,0.46545454545454545,0.3870871193341021
paper_10fold,self_supervised,50,8,valence_9,0.7898565366740755,0.43272727272727274,0.4028156293969634
paper_10fold,self_supervised,50,8,dominance_9,0.804606991311376,0.4763636363636364,0.4496109822524612
paper_10fold,self_supervised,50,9,arousal_bin,0.7991919191919192,0.7176684881602914,0.7154936358438901
paper_10fold,self_supervised,50,9,valence_bin,0.6991919191919191,0.5737704918032787,0.5325653490132154
paper_10fold,self_supervised,50,9,dominance_bin,0.8268686868686869,0.7340619307832422,0.723964790478552
paper_10fold,self_supervised,50,9,arousal_9,0.7862626262626262,0.5209471766848816,0.4571893127031539
paper_10fold,self_supervised,50,9,valence_9,0.7743434343434343,0.4426229508196721,0.417754822242304
paper_10fold,self_supervised,50,9,dominance_9,0.7955555555555556,0.4644808743169399,0.445242259915213
trial_10fold,self_supervised,50,0,arousal_bin,0.8177041228779305,0.5626134301270418,0.5622443092848077
trial_10fold,self_supervised,50,0,valence_bin,0.713823767178658,0.5136116152450091,0.5129040770550204
trial_10fold,self_supervised,50,0,dominance_bin,0.8362974939369442,0.5952813067150635,0.5913564028800904
trial_10fold,self_supervised,50,0,arousal_9,0.8086095392077607,0.25226860254083483,0.22027237111663892
trial_10fold,self_supervised,50,0,valence_9,0.7819320937752627,0.20326678765880218,0.169262358497493
trial_10fold,self_supervised,50,0,dominance_9,0.8013338722716249,0.29945553539019965,0.24104859745598034
trial_10fold,self_supervised,50,1,arousal_bin,0.8067906224737268,0.5517241379310345,0.5482961994311261
trial_10fold,self_supervised,50,1,valence_bin,0.7113985448666128,0.6225045372050817,0.5822714681440443
trial_10fold,self_supervised,50,1,dominance_bin,0.8223524656426839,0.6261343012704175,0.6170202715469538
trial_10fold,self_supervised,50,1,arousal_9,0.8098221503637834,0.3194192377495463,0.1995266285668204
trial_10fold,self_supervised,50,1,valence_9,0.7631366208569119,0.18330308529945555,0.15163147170857283
trial_10fold,self_supervised,50,1,dominance_9,0.8017380759902991,0.3194192377495463,0.2510826593774545
trial_10fold,self_supervised,50,2,arousal_bin,0.8247776879547292,0.5989110707803993,0.5960959915086986
trial_10fold,self_supervised,50,2,valence_bin,0.7202910266774454,0.4646098003629764,0.44238613246609787
trial_10fold,self_supervised,50,2,dominance_bin,0.8041632983023443,0.6969147005444646,0.6733476039858429
trial_10fold,self_supervised,50,2,arousal_9,0.8223524656426839,0.3647912885662432,0.22863352135031853
trial_10fold,self_supervised,50,2,valence_9,0.7873888439773646,0.1705989110707804,0.1788170684583101
trial_10fold,self_supervised,50,2,dominance_9,0.8183104284559418,0.32667876588021777,0.27383411288776033
trial_10fold,self_supervised,50,3,arousal_bin,0.8033515041389057,0.6428571428571429,0.635988799655374
trial_10fold,self_supervised,50,3,valence_bin,0.728649303452453,0.5311355311355311,0.5064964410801039
trial_10fold,self_supervised,50,3,dominance_bin,0.8431253785584494,0.5952380952380952,0.5952258752729724
trial_10fold,self_supervised,50,3,arousal_9,0.8190995356349687,0.23626373626373626,0.16120325540356764
trial_10fold,self_supervised,50,3,valence_9,0.7914395315970119,0.22344322344322345,0.21439768627152042
trial_10fold,self_supervised,50,3,dominance_9,0.8235412881082173,0.2216117216117216,0.18716402749112723
trial_10fold,self_supervised,50,4,arousal_bin,0.8335017175186906,0.5381818181818182,0.5381573901429497
trial_10fold,self_supervised,50,4,valence_bin,0.7629824206910487,0.5236363636363637,0.5220183364513262
trial_10fold,self_supervised,50,4,dominance_bin,0.8330975954738331,0.5818181818181818,0.5774375008351038
trial_10fold,self_supervised,50,4,arousal_9,0.823398666397252,0.3,0.22383698292137388
trial_10fold,self_supervised,50,4,valence_9,0.7718731056779148,0.21818181818181817,0.19380855210163747
trial_10fold,self_supervised,50,4,dominance_9,0.8092543948272378,0.2672727272727273,0.24096425450884787
trial_10fold,self_supervised,50,5,arousal_bin,0.8143059203879571,0.5745454545454546,0.5525283711615487
trial_10fold,self_supervised,50,5,valence_bin,0.722570216205294,0.5254545454545455,0.491049491049491
trial_10fold,self_supervised,50,5,dominance_bin,0.8270357648009699,0.6581818181818182,0.6428374046645298
trial_10fold,self_supervised,50,5,arousal_9,0.8211759951505354,0.3090909090909091,0.1834099361674918
trial_10fold,self_supervised,50,5,valence_9,0.7926853909880784,0.15636363636363637,0.12079555142235278
trial_10fold,self_supervised,50,5,dominance_9,0.8217821782178217,0.27454545454545454,0.20591130308765174
trial_10fold,self_supervised,50,6,arousal_bin,0.8240048494645383,0.64,0.6337230421504392
trial_10fold,self_supervised,50,6,valence_bin,0.7114568599717115,0.49454545454545457,0.4742741613830475
trial_10fold,self_supervised,50,6,dominance_bin,0.8286522529804001,0.649090909090909,0.6347451474266996
trial_10fold,self_supervised,50,6,arousal_9,0.8171347747019599,0.23636363636363636,0.19564162061445647
trial_10fold,self_supervised,50,6,valence_9,0.7781369973732067,0.1890909090909091,0.16095441908400135
trial_10fold,self_supervised,50,6,dominance_9,0.8205698120832492,0.22181818181818183,0.16733822087336286
trial_10fold,self_supervised,50,7,arousal_bin,0.7981410385936553,0.6381818181818182,0.6381232001216726
trial_10fold,self_supervised,50,7,valence_bin,0.7445948676500304,0.4618181818181818,0.4173144926913771
trial_10fold,self_supervised,50,7,dominance_bin,0.8084461507375227,0.6672727272727272,0.6664689449947145
trial_10fold,self_supervised,50,7,arousal_9,0.8203677510608204,0.3,0.18824211639053356
trial_10fold,self_supervised,50,7,valence_9,0.791270963831077,0.11454545454545455,0.10402897494740712
trial_10fold,self_supervised,50,7,dominance_9,0.832289351384118,0.24363636363636362,0.21686303080144984
trial_10fold,self_supervised,50,8,arousal_bin,0.8149121034552435,0.6581818181818182,0.6404928793947485
trial_10fold,self_supervised,50,8,valence_bin,0.7304505960800162,0.52,0.5106563675334654
trial_10fold,self_supervised,50,8,dominance_bin,0.8264295817336835,0.6472727272727272,0.6469739680523021
trial_10fold,self_supervised,50,8,arousal_9,0.8227924833299657,0.3054545454545455,0.18998066865943553
trial_10fold,self_supervised,50,8,valence_9,0.7924833299656496,0.1618181818181818,0.12467897223438468
trial_10fold,self_supervised,50,8,dominance_9,0.8349161446756921,0.2727272727272727,0.23358848801216092
trial_10fold,self_supervised,50,9,arousal_bin,0.8112750050515256,0.5654545454545454,0.5619778806327246
trial_10fold,self_supervised,50,9,valence_bin,0.7433825015154577,0.4690909090909091,0.4311742037855605
trial_10fold,self_supervised,50,9,dominance_bin,0.8248130935542534,0.6272727272727273,0.6251898982444593
trial_10fold,self_supervised,50,9,arousal_9,0.8080420286926652,0.32727272727272727,0.21198373403048965
trial_10fold,self_supervised,50,9,valence_9,0.7833905839563549,0.1890909090909091,0.1756340470927148
trial_10fold,self_supervised,50,9,dominance_9,0.8094564558496666,0.2963636363636364,0.21870432436031448
paper_10fold,self_supervised,75,0,arousal_bin,0.8302687411598303,0.6818181818181818,0.6818171299739835
paper_10fold,self_supervised,75,0,valence_bin,0.7415639523135987,0.6145454545454545,0.6070422345344495
paper_10fold,self_supervised,75,0,dominance_bin,0.8343099616084058,0.7381818181818182,0.7372925207976755
paper_10fold,self_supervised,75,0,arousal_9,0.8217821782178217,0.5218181818181818,0.46130846761209365
paper_10fold,self_supervised,75,0,valence_9,0.7977369165487977,0.4581818181818182,0.44988223695012564
paper_10fold,self_supervised,75,0,dominance_9,0.8256213376439685,0.45636363636363636,0.43903701025864567
paper_10fold,self_supervised,75,1,arousal_bin,0.8068296625580925,0.7072727272727273,0.7062151016386263
paper_10fold,self_supervised,75,1,valence_bin,0.7443928066276015,0.6509090909090909,0.6429730606945797
paper_10fold,self_supervised,75,1,dominance_bin,0.8272378258233987,0.7345454545454545,0.7230614300100704
paper_10fold,self_supervised,75,1,arousal_9,0.8227924833299657,0.509090909090909,0.4500676457947283
paper_10fold,self_supervised,75,1,valence_9,0.8084461507375227,0.44545454545454544,0.4310752974775157
paper_10fold,self_supervised,75,1,dominance_9,0.8310769852495453,0.48727272727272725,0.4943153662040873
paper_10fold,self_supervised,75,2,arousal_bin,0.8092543948272378,0.7109090909090909,0.7101031296927989
paper_10fold,self_supervised,75,2,valence_bin,0.7221660941604364,0.6236363636363637,0.6051522686837368
paper_10fold,self_supervised,75,2,dominance_bin,0.8359264497878359,0.7509090909090909,0.7469259989453851
paper_10fold,self_supervised,75,2,arousal_9,0.8266316427561123,0.5309090909090909,0.4661520022235222
paper_10fold,self_supervised,75,2,valence_9,0.7997575267730854,0.44727272727272727,0.4126319464941697
paper_10fold,self_supervised,75,2,dominance_9,0.832289351384118,0.5290909090909091,0.5220882667006967
paper_10fold,self_supervised,75,3,arousal_bin,0.8189533239038189,0.7363636363636363,0.7357267596952657
paper_10fold,self_supervised,75,3,valence_bin,0.7256011315417256,0.6527272727272727,0.6454116161871876
paper_10fold,self_supervised,75,3,dominance_bin,0.8379470600121237,0.7163636363636363,0.714
paper_10fold,self_supervised,75,3,arousal_9,0.8444130127298444,0.56,0.4797823328002737
paper_10fold,self_supervised,75,3,valence_9,0.8009698929076581,0.43272727272727274,0.4030506574783673
paper_10fold,self_supervised,75,3,dominance_9,0.8357243887654071,0.48727272727272725,0.4504620587145742
paper_10fold,self_supervised,75,4,arousal_bin,0.8246110325318247,0.6981818181818182,0.697782191327375
paper_10fold,self_supervised,75,4,valence_bin,0.7031723580521317,0.5927272727272728,0.5609345821038076
paper_10fold,self_supervised,75,4,dominance_bin,0.8183471408365326,0.68,0.679961912822683
paper_10fold,self_supervised,75,4,arousal_9,0.8425944635279855,0.5036363636363637,0.4338680733206615
paper_10fold,self_supervised,75,4,valence_9,0.7989492826833704,0.3781818181818182,0.36046110026905276
paper_10fold,self_supervised,75,4,dominance_9,0.8266316427561123,0.4781818181818182,0.4328477592809494
paper_10fold,self_supervised,75,5,arousal_bin,0.8165285916346736,0.7254545454545455,0.7253810111137198
paper_10fold,self_supervised,75,5,valence_bin,0.7185289957567186,0.6090909090909091,0.5541958371504726
paper_10fold,self_supervised,75,5,dominance_bin,0.8533036977167104,0.7472727272727273,0.7439126924841977
paper_10fold,self_supervised,75,5,arousal_9,0.8395635481915539,0.5145454545454545,0.4501783327290869
paper_10fold,self_supervised,75,5,valence_9,0.8060214184683775,0.43636363636363634,0.43419746861670394
paper_10fold,self_supervised,75,5,dominance_9,0.8347140836532633,0.4818181818181818,0.4576807610593218
paper_10fold,self_supervised,75,6,arousal_bin,0.8227924833299657,0.6763636363636364,0.6736666666666666
paper_10fold,self_supervised,75,6,valence_bin,0.7559102849060416,0.5890909090909091,0.5631607062528116
paper_10fold,self_supervised,75,6,dominance_bin,0.8371388159224086,0.7163636363636363,0.714
paper_10fold,self_supervised,75,6,arousal_9,0.8407759143261265,0.4909090909090909,0.4320262832790562
paper_10fold,self_supervised,75,6,valence_9,0.802788442109517,0.4,0.38587636593977925
paper_10fold,self_supervised,75,6,dominance_9,0.8383511820569812,0.4890909090909091,0.46833371866051604
paper_10fold,self_supervised,75,7,arousal_bin,0.8330975954738331,0.6781818181818182,0.6779422711107436
paper_10fold,self_supervised,75,7,valence_bin,0.7167104465548596,0.6072727272727273,0.5915223699954613
paper_10fold,self_supervised,75,7,dominance_bin,0.8470398060214185,0.6945454545454546,0.6925779534475187
paper_10fold,self_supervised,75,7,arousal_9,0.8306728632046878,0.48727272727272725,0.3734868826089429
paper_10fold,self_supervised,75,7,valence_9,0.8033946251768034,0.41454545454545455,0.3932446317605741
paper_10fold,self_supervised,75,7,dominance_9,0.8377449989896949,0.46545454545454545,0.44651475154077996
paper_10fold,self_supervised,75,8,arousal_bin,0.8367346938775511,0.7,0.6995620060981464
paper_10fold,self_supervised,75,8,valence_bin,0.7070115174782784,0.6054545454545455,0.5473869036106656
paper_10fold,self_supervised,75,8,dominance_bin,0.851889270559709,0.7145454545454546,0.7105020534741431
paper_10fold,self_supervised,75,8,arousal_9,0.8436047686401293,0.5018181818181818,0.4472735324036397
paper_10fold,self_supervised,75,8,valence_9,0.809052333804809,0.4509090909090909,0.4225820298383598
paper_10fold,self_supervised,75,8,dominance_9,0.8472418670438473,0.4818181818181818,0.4696325374044272
paper_10fold,self_supervised,75,9,arousal_bin,0.8133333333333334,0.7122040072859745,0.7088412996777659
paper_10fold,self_supervised,75,9,valence_bin,0.7173737373737373,0.5919854280510018,0.5846415736712691
paper_10fold,self_supervised,75,9,dominance_bin,0.8472727272727273,0.7358834244080146,0.7320103014694743
paper_10fold,self_supervised,75,9,arousal_9,0.8303030303030303,0.5209471766848816,0.4592268484082779
paper_10fold,self_supervised,75,9,valence_9,0.796969696969697,0.424408014571949,0.4117013697574613
paper_10fold,self_supervised,75,9,dominance_9,0.8264646464646465,0.4790528233151184,0.4559759142142814
trial_10fold,self_supervised,75,0,arousal_bin,0.8292239288601455,0.6225045372050817,0.6219554030874785
trial_10fold,self_supervised,75,0,valence_bin,0.7350444624090542,0.46823956442831216,0.4426792600033831
trial_10fold,self_supervised,75,0,dominance_bin,0.8538803556992725,0.5862068965517241,0.5831740723045071
trial_10fold,self_supervised,75,0,arousal_9,0.8504446240905417,0.2558983666061706,0.1951159858488513
trial_10fold,self_supervised,75,0,valence_9,0.8395311236863379,0.23411978221415608,0.19159156762138008
trial_10fold,self_supervised,75,0,dominance_9,0.8177041228779305,0.279491833030853,0.22536057744550217
trial_10fold,self_supervised,75,1,arousal_bin,0.8213419563459984,0.5753176043557169,0.575081072530254
trial_10fold,self_supervised,75,1,valence_bin,0.6974535165723524,0.6352087114337568,0.5629831311038769
trial_10fold,self_supervised,75,1,dominance_bin,0.8468067906224738,0.6642468239564429,0.652332731917448
trial_10fold,self_supervised,75,1,arousal_9,0.8393290218270008,0.3248638838475499,0.1998235212189867
trial_10fold,self_supervised,75,1,valence_9,0.8122473726758286,0.20871143375680581,0.1650968157720284
trial_10fold,self_supervised,75,1,dominance_9,0.8393290218270008,0.2558983666061706,0.2075091417965256
trial_10fold,self_supervised,75,2,arousal_bin,0.8288197251414713,0.5916515426497277,0.5902695842711112
trial_10fold,self_supervised,75,2,valence_bin,0.7142279708973323,0.49364791288566245,0.4576255040802718
trial_10fold,self_supervised,75,2,dominance_bin,0.8417542441390461,0.6279491833030852,0.6152771959223572
trial_10fold,self_supervised,75,2,arousal_9,0.8393290218270008,0.33212341197822143,0.2069256063267472
trial_10fold,self_supervised,75,2,valence_9,0.8156831042845594,0.18148820326678766,0.20113552061322684
trial_10fold,self_supervised,75,2,dominance_9,0.8334680679062247,0.35208711433756806,0.28711608745964895
trial_10fold,self_supervised,75,3,arousal_bin,0.8346456692913385,0.5860805860805861,0.5816801139060275
trial_10fold,self_supervised,75,3,valence_bin,0.7304663840096911,0.5311355311355311,0.4846397758277413
trial_10fold,self_supervised,75,3,dominance_bin,0.8600847970926712,0.5915750915750916,0.5913434268510842
trial_10fold,self_supervised,75,3,arousal_9,0.8449424591156874,0.25824175824175827,0.17147679167107344
trial_10fold,self_supervised,75,3,valence_9,0.826569755703614,0.20146520146520147,0.17683321778123184
trial_10fold,self_supervised,75,3,dominance_9,0.838885523924894,0.21978021978021978,0.1629478813531524
trial_10fold,self_supervised,75,4,arousal_bin,0.8248130935542534,0.5345454545454545,0.5344469573727995
trial_10fold,self_supervised,75,4,valence_bin,0.737724792887452,0.52,0.5120967741935484
trial_10fold,self_supervised,75,4,dominance_bin,0.8444130127298444,0.6072727272727273,0.6004251368913883
trial_10fold,self_supervised,75,4,arousal_9,0.8375429379672661,0.31272727272727274,0.22881131434409901
trial_10fold,self_supervised,75,4,valence_9,0.8181450798141039,0.19818181818181818,0.17713204767788485
trial_10fold,self_supervised,75,4,dominance_9,0.8395635481915539,0.2690909090909091,0.245076200028656
trial_10fold,self_supervised,75,5,arousal_bin,0.8361285108102647,0.5836363636363636,0.5757473684210527
trial_10fold,self_supervised,75,5,valence_bin,0.7310567791473025,0.5254545454545455,0.4746742101815494
trial_10fold,self_supervised,75,5,dominance_bin,0.8484542331784198,0.610909090909091,0.604124904142394
trial_10fold,self_supervised,75,5,arousal_9,0.8579511012325722,0.27454545454545454,0.15253703857802242
trial_10fold,self_supervised,75,5,valence_9,0.8399676702364114,0.17272727272727273,0.13676414831007574
trial_10fold,self_supervised,75,5,dominance_9,0.8436047686401293,0.2727272727272727,0.20062655117016315
trial_10fold,self_supervised,75,6,arousal_bin,0.8413820973934129,0.5818181818181818,0.5817960619404663
trial_10fold,self_supervised,75,6,valence_bin,0.727015558698727,0.4909090909090909,0.4688849342658886
trial_10fold,self_supervised,75,6,dominance_bin,0.8369367548999798,0.6454545454545455,0.6383665294314009
trial_10fold,self_supervised,75,6,arousal_9,0.8450191957971307,0.24363636363636362,0.19625911508563523
trial_10fold,self_supervised,75,6,valence_9,0.8177409577692463,0.21454545454545454,0.1857956817607936
trial_10fold,self_supervised,75,6,dominance_9,0.845625378864417,0.24545454545454545,0.1845139754406551
trial_10fold,self_supervised,75,7,arousal_bin,0.8294604970701152,0.5963636363636363,0.5955935930896517
trial_10fold,self_supervised,75,7,valence_bin,0.725197009496868,0.4709090909090909,0.4492789528558009
trial_10fold,self_supervised,75,7,dominance_bin,0.825217215599111,0.6763636363636364,0.6693684566024991
trial_10fold,self_supervised,75,7,arousal_9,0.8355223277429784,0.2581818181818182,0.16830106632530833
trial_10fold,self_supervised,75,7,valence_9,0.8159224085673874,0.12545454545454546,0.10891463742456134
trial_10fold,self_supervised,75,7,dominance_9,0.8405738533036977,0.20545454545454545,0.18786238356478774
trial_10fold,self_supervised,75,8,arousal_bin,0.8122853101636694,0.6672727272727272,0.6570406337848198
trial_10fold,self_supervised,75,8,valence_bin,0.718124873711861,0.5690909090909091,0.5041822144625883
trial_10fold,self_supervised,75,8,dominance_bin,0.8371388159224086,0.6927272727272727,0.6911744673216403
trial_10fold,self_supervised,75,8,arousal_9,0.853707819761568,0.3290909090909091,0.19267305165062448
trial_10fold,self_supervised,75,8,valence_9,0.8308749242271166,0.2109090909090909,0.17140227247888107
trial_10fold,self_supervised,75,8,dominance_9,0.8460295009092746,0.2872727272727273,0.24203260111971694
trial_10fold,self_supervised,75,9,arousal_bin,0.8246110325318247,0.6072727272727273,0.6063931297709924
trial_10fold,self_supervised,75,9,valence_bin,0.7365124267528794,0.49818181818181817,0.4903919751843049
trial_10fold,self_supervised,75,9,dominance_bin,0.842998585572843,0.6309090909090909,0.62988009640024
trial_10fold,self_supervised,75,9,arousal_9,0.8472418670438473,0.31272727272727274,0.19990208697322864
trial_10fold,self_supervised,75,9,valence_9,0.8209739341281067,0.17454545454545456,0.13828812575867563
trial_10fold,self_supervised,75,9,dominance_9,0.8387553041018387,0.27454545454545454,0.19739256389198934
paper_10fold,self_supervised,100,0,arousal_bin,0.8415841584158416,0.6963636363636364,0.6959203334447905
paper_10fold,self_supervised,100,0,valence_bin,0.7575267730854718,0.6218181818181818,0.619807244931871
paper_10fold,self_supervised,100,0,dominance_bin,0.8535057587391393,0.7327272727272728,0.7318754787937878
paper_10fold,self_supervised,100,0,arousal_9,0.8458274398868458,0.5145454545454545,0.441199269433483
paper_10fold,self_supervised,100,0,valence_9,0.8169327136795312,0.4163636363636364,0.40321944205680305
paper_10fold,self_supervised,100,0,dominance_9,0.8563346130531421,0.4818181818181818,0.481730398283987
paper_10fold,self_supervised,100,1,arousal_bin,0.8262275207112548,0.7018181818181818,0.7017550820669497
paper_10fold,self_supervised,100,1,valence_bin,0.7304505960800162,0.6309090909090909,0.5981659234625752
paper_10fold,self_supervised,100,1,dominance_bin,0.8526975146494241,0.7490909090909091,0.7449596774193549
paper_10fold,self_supervised,100,1,arousal_9,0.8613861386138614,0.5218181818181818,0.4309309656153338
paper_10fold,self_supervised,100,1,valence_9,0.8143059203879571,0.44727272727272727,0.42767156169942555
paper_10fold,self_supervised,100,1,dominance_9,0.8343099616084058,0.4890909090909091,0.4752344774318728
paper_10fold,self_supervised,100,2,arousal_bin,0.8143059203879571,0.7363636363636363,0.7321479550881813
paper_10fold,self_supervised,100,2,valence_bin,0.7243887654071529,0.6290909090909091,0.5975378787878788
paper_10fold,self_supervised,100,2,dominance_bin,0.8375429379672661,0.7636363636363637,0.7607895617263298
paper_10fold,self_supervised,100,2,arousal_9,0.8593655283895737,0.5363636363636364,0.4538539120192998
paper_10fold,self_supervised,100,2,valence_9,0.8181450798141039,0.43272727272727274,0.39373704441265944
paper_10fold,self_supervised,100,2,dominance_9,0.825217215599111,0.5,0.4770031077002331
paper_10fold,self_supervised,100,3,arousal_bin,0.8207718731056779,0.7218181818181818,0.7217068645640075
paper_10fold,self_supervised,100,3,valence_bin,0.7068094564558497,0.6581818181818182,0.5972014460234356
paper_10fold,self_supervised,100,3,dominance_bin,0.8434027076177005,0.7236363636363636,0.7209463789788507
paper_10fold,self_supervised,100,3,arousal_9,0.8571428571428571,0.5309090909090909,0.48543953004346363
paper_10fold,self_supervised,100,3,valence_9,0.8179430187916751,0.44,0.40753347447613053
paper_10fold,self_supervised,100,3,dominance_9,0.8710850676904425,0.4909090909090909,0.46583941495333586
paper_10fold,self_supervised,100,4,arousal_bin,0.8088502727823803,0.6945454545454546,0.6932311655887704
paper_10fold,self_supervised,100,4,valence_bin,0.7449989896948879,0.6072727272727273,0.5800636267232238
paper_10fold,self_supervised,100,4,dominance_bin,0.8579511012325722,0.7072727272727273,0.7064566281795006
paper_10fold,self_supervised,100,4,arousal_9,0.8524954536269953,0.48545454545454547,0.40354171302166747
paper_10fold,self_supervised,100,4,valence_9,0.826025459688826,0.4036363636363636,0.3889217206047039
paper_10fold,self_supervised,100,4,dominance_9,0.8399676702364114,0.48363636363636364,0.45065105123924654
paper_10fold,self_supervised,100,5,arousal_bin,0.8361285108102647,0.7272727272727273,0.7272691209139955
paper_10fold,self_supervised,100,5,valence_bin,0.7478278440088907,0.5945454545454546,0.5633537564393305
paper_10fold,self_supervised,100,5,dominance_bin,0.866235603152152,0.7618181818181818,0.7590454118300175
paper_10fold,self_supervised,100,5,arousal_9,0.8573449181652859,0.5181818181818182,0.4476470832993831
paper_10fold,self_supervised,100,5,valence_9,0.8405738533036977,0.4127272727272727,0.39706283764520556
paper_10fold,self_supervised,100,5,dominance_9,0.8565366740755708,0.5036363636363637,0.4761589863480671
paper_10fold,self_supervised,100,6,arousal_bin,0.8324914124065468,0.6727272727272727,0.6716156509970943
paper_10fold,self_supervised,100,6,valence_bin,0.7565164679733279,0.6218181818181818,0.5994397759103641
paper_10fold,self_supervised,100,6,dominance_bin,0.8494645382905638,0.6945454545454546,0.692
paper_10fold,self_supervised,100,6,arousal_9,0.8577490402101434,0.44545454545454544,0.40050064637179233
paper_10fold,self_supervised,100,6,valence_9,0.8147100424328148,0.3981818181818182,0.3647951972979191
paper_10fold,self_supervised,100,6,dominance_9,0.85997171145686,0.46,0.44506962228962543
paper_10fold,self_supervised,100,7,arousal_bin,0.8217821782178217,0.68,0.679961912822683
paper_10fold,self_supervised,100,7,valence_bin,0.7286320468781572,0.6,0.568775035994811
paper_10fold,self_supervised,100,7,dominance_bin,0.8367346938775511,0.6872727272727273,0.6871693121693121
paper_10fold,self_supervised,100,7,arousal_9,0.8480501111335623,0.4890909090909091,0.3880821927648143
paper_10fold,self_supervised,100,7,valence_9,0.8236007274196807,0.4218181818181818,0.392047225435698
paper_10fold,self_supervised,100,7,dominance_9,0.8583552232774297,0.44363636363636366,0.4382302799176664
paper_10fold,self_supervised,100,8,arousal_bin,0.8328955344514043,0.6981818181818182,0.6978582018426347
paper_10fold,self_supervised,100,8,valence_bin,0.7494443321883208,0.6327272727272727,0.6095507197480882
paper_10fold,self_supervised,100,8,dominance_bin,0.8512830874924228,0.7,0.6971881037468592
paper_10fold,self_supervised,100,8,arousal_9,0.8516872095372803,0.5290909090909091,0.45771289556777833
paper_10fold,self_supervised,100,8,valence_9,0.8151141644776723,0.40545454545454546,0.38007191520927336
paper_10fold,self_supervised,100,8,dominance_9,0.8585572842998586,0.5,0.4818932709768409
paper_10fold,self_supervised,100,9,arousal_bin,0.8474747474747475,0.7158469945355191,0.7145504479522184
paper_10fold,self_supervised,100,9,valence_bin,0.7533333333333333,0.6302367941712204,0.6190692666586912
paper_10fold,self_supervised,100,9,dominance_bin,0.8539393939393939,0.7085610200364298,0.7049180327868853
paper_10fold,self_supervised,100,9,arousal_9,0.8575757575757575,0.5009107468123861,0.41583635800782665
paper_10fold,self_supervised,100,9,valence_9,0.8141414141414142,0.4225865209471767,0.4032639124250552
paper_10fold,self_supervised,100,9,dominance_9,0.8474747474747475,0.48633879781420764,0.48172462358819573
trial_10fold,self_supervised,100,0,arousal_bin,0.8354890864995957,0.5517241379310345,0.5491043178934325
trial_10fold,self_supervised,100,0,valence_bin,0.7643492320129345,0.5081669691470054,0.48775132846885605
trial_10fold,self_supervised,100,0,dominance_bin,0.8692400970088925,0.5716878402903811,0.5699526417440537
trial_10fold,self_supervised,100,0,arousal_9,0.8753031527890056,0.2631578947368421,0.1834411085055763
trial_10fold,self_supervised,100,0,valence_9,0.847210994341148,0.21052631578947367,0.1704418329472598
trial_10fold,self_supervised,100,0,dominance_9,0.8470088924818109,0.2831215970961887,0.23390099688067487
trial_10fold,self_supervised,100,1,arousal_bin,0.8142683912691997,0.5462794918330308,0.5458471804610434
trial_10fold,self_supervised,100,1,valence_bin,0.7429264349232013,0.5989110707803993,0.5567143912836139
trial_10fold,self_supervised,100,1,dominance_bin,0.8656022635408246,0.604355716878403,0.5976755091103965
trial_10fold,self_supervised,100,1,arousal_9,0.8744947453516573,0.35390199637023595,0.2184800343098492
trial_10fold,self_supervised,100,1,valence_9,0.8286176232821342,0.22141560798548093,0.1704118305009848
trial_10fold,self_supervised,100,1,dominance_9,0.849232012934519,0.27041742286751363,0.20407472030754
trial_10fold,self_supervised,100,2,arousal_bin,0.8373080032336297,0.5644283121597096,0.5615035679231769
trial_10fold,self_supervised,100,2,valence_bin,0.7413096200485044,0.47549909255898365,0.4537274314667874
trial_10fold,self_supervised,100,2,dominance_bin,0.8579223928860146,0.6842105263157895,0.6687603648424544
trial_10fold,self_supervised,100,2,arousal_9,0.85125303152789,0.35753176043557167,0.2101335366994005
trial_10fold,self_supervised,100,2,valence_9,0.8284155214227971,0.17422867513611615,0.1895728718523139
trial_10fold,self_supervised,100,2,dominance_9,0.8540824575586096,0.3248638838475499,0.24693789667257057
trial_10fold,self_supervised,100,3,arousal_bin,0.8306077124974762,0.6282051282051282,0.6225210896818072
trial_10fold,self_supervised,100,3,valence_bin,0.7550979204522512,0.5347985347985348,0.49344729344729343
trial_10fold,self_supervised,100,3,dominance_bin,0.8550373511003432,0.6245421245421245,0.6243291592128801
trial_10fold,self_supervised,100,3,arousal_9,0.8487785180698566,0.315018315018315,0.20716396003757528
trial_10fold,self_supervised,100,3,valence_9,0.8298001211387038,0.22527472527472528,0.22319038170006245
trial_10fold,self_supervised,100,3,dominance_9,0.8742176458711892,0.18681318681318682,0.1452410341876044
trial_10fold,self_supervised,100,4,arousal_bin,0.8573449181652859,0.5563636363636364,0.5555172824949326
trial_10fold,self_supervised,100,4,valence_bin,0.7431804404930289,0.5127272727272727,0.4999253619943275
trial_10fold,self_supervised,100,4,dominance_bin,0.8502727823802788,0.6072727272727273,0.6045062320230106
trial_10fold,self_supervised,100,4,arousal_9,0.8573449181652859,0.2672727272727273,0.20808601415239997
trial_10fold,self_supervised,100,4,valence_9,0.8498686603354213,0.2,0.17525762123584346
trial_10fold,self_supervised,100,4,dominance_9,0.8522933926045666,0.29454545454545455,0.28370809252745954
trial_10fold,self_supervised,100,5,arousal_bin,0.8415841584158416,0.5854545454545454,0.5750650618087183
trial_10fold,self_supervised,100,5,valence_bin,0.7581329561527581,0.5036363636363637,0.480109829611753
trial_10fold,self_supervised,100,5,dominance_bin,0.8555263689634269,0.6181818181818182,0.6051282051282052
trial_10fold,self_supervised,100,5,arousal_9,0.8775510204081632,0.2927272727272727,0.1745098138873104
trial_10fold,self_supervised,100,5,valence_9,0.8310769852495453,0.1709090909090909,0.14086454866926978
trial_10fold,self_supervised,100,5,dominance_9,0.8567387350979996,0.28363636363636363,0.2149894800997657
trial_10fold,self_supervised,100,6,arousal_bin,0.8462315619317033,0.5690909090909091,0.5683360322679992
trial_10fold,self_supervised,100,6,valence_bin,0.7447969286724591,0.49818181818181817,0.47309961818812907
trial_10fold,self_supervised,100,6,dominance_bin,0.8535057587391393,0.6509090909090909,0.6384750219106048
trial_10fold,self_supervised,100,6,arousal_9,0.8587593453222874,0.2690909090909091,0.22228091014201823
trial_10fold,self_supervised,100,6,valence_9,0.8177409577692463,0.19090909090909092,0.16175256889246595
trial_10fold,self_supervised,100,6,dominance_9,0.860779955546575,0.2509090909090909,0.1935965750086956
trial_10fold,self_supervised,100,7,arousal_bin,0.8300666801374015,0.6327272727272727,0.631631299734748
trial_10fold,self_supervised,100,7,valence_bin,0.7609618104667609,0.44727272727272727,0.43407210841986976
trial_10fold,self_supervised,100,7,dominance_bin,0.8365326328551222,0.7090909090909091,0.7037276449041154
trial_10fold,self_supervised,100,7,arousal_9,0.8648211759951505,0.2927272727272727,0.18088302027851155
trial_10fold,self_supervised,100,7,valence_9,0.8326934734289756,0.10181818181818182,0.0875879098343851
trial_10fold,self_supervised,100,7,dominance_9,0.8666397251970095,0.25272727272727274,0.21375341482747853
trial_10fold,self_supervised,100,8,arousal_bin,0.8343099616084058,0.6545454545454545,0.64546947305568
trial_10fold,self_supervised,100,8,valence_bin,0.7587391392200444,0.5363636363636364,0.5181256893121824
trial_10fold,self_supervised,100,8,dominance_bin,0.8502727823802788,0.7145454545454546,0.7142724785001208
trial_10fold,self_supervised,100,8,arousal_9,0.8615881996362902,0.29818181818181816,0.17198367335148507
trial_10fold,self_supervised,100,8,valence_9,0.8385532430794099,0.1618181818181818,0.12740121087190254
trial_10fold,self_supervised,100,8,dominance_9,0.8577490402101434,0.2545454545454545,0.20389058647970182
trial_10fold,self_supervised,100,9,arousal_bin,0.8355223277429784,0.5963636363636363,0.5927230516751392
trial_10fold,self_supervised,100,9,valence_bin,0.7538896746817539,0.48727272727272725,0.48553118656211436
trial_10fold,self_supervised,100,9,dominance_bin,0.8524954536269953,0.6363636363636364,0.6356699036843709
trial_10fold,self_supervised,100,9,arousal_9,0.8698727015558698,0.32181818181818184,0.20766563261804466
trial_10fold,self_supervised,100,9,valence_9,0.8373408769448374,0.15636363636363637,0.1279948474324138
trial_10fold,self_supervised,100,9,dominance_9,0.865225298040008,0.25636363636363635,0.18171140087206972
paper_10fold,fully_supervised,0,0,arousal_bin,0.9983835118205698,0.6727272727272727,0.6717506631299734
paper_10fold,fully_supervised,0,0,valence_bin,0.998181450798141,0.5654545454545454,0.5627820961846127
paper_10fold,fully_supervised,0,0,dominance_bin,0.998181450798141,0.7127272727272728,0.7082678698518847
paper_10fold,fully_supervised,0,0,arousal_9,0.9953525964841382,0.40545454545454546,0.34088992342297636
paper_10fold,fully_supervised,0,0,valence_9,0.9959587795514245,0.27454545454545454,0.2564398433630353
paper_10fold,fully_supervised,0,0,dominance_9,0.9971711456859972,0.3709090909090909,0.35773855365927665
paper_10fold,fully_supervised,0,1,arousal_bin,0.9991917559102849,0.6781818181818182,0.6777119701780117
paper_10fold,fully_supervised,0,1,valence_bin,0.9979793897757122,0.6,0.584569325422984
paper_10fold,fully_supervised,0,1,dominance_bin,0.9993938169327137,0.6981818181818182,0.6916582235731172
paper_10fold,fully_supervised,0,1,arousal_9,0.9979793897757122,0.4036363636363636,0.35881103971144473
paper_10fold,fully_supervised,0,1,valence_9,0.9979793897757122,0.2963636363636364,0.2833391192474941
paper_10fold,fully_supervised,0,1,dominance_9,0.9983835118205698,0.3981818181818182,0.3875478230233301
paper_10fold,fully_supervised,0,2,arousal_bin,0.9979793897757122,0.6545454545454545,0.6500991106825244
paper_10fold,fully_supervised,0,2,valence_bin,0.9965649626187109,0.6145454545454545,0.6078246713933996
paper_10fold,fully_supervised,0,2,dominance_bin,0.9969690846635684,0.7272727272727273,0.7246181371501816
paper_10fold,fully_supervised,0,2,arousal_9,0.9961608405738533,0.42727272727272725,0.3233172492375819
paper_10fold,fully_supervised,0,2,valence_9,0.995554657506567,0.31636363636363635,0.26930799335721034
paper_10fold,fully_supervised,0,2,dominance_9,0.9933319862598505,0.41454545454545455,0.3657742591871064
paper_10fold,fully_supervised,0,3,arousal_bin,0.9989896948878562,0.7127272727272728,0.7119808031393762
paper_10fold,fully_supervised,0,3,valence_bin,0.998181450798141,0.6145454545454545,0.6070422345344495
paper_10fold,fully_supervised,0,3,dominance_bin,0.9979793897757122,0.6890909090909091,0.6871788219563547
paper_10fold,fully_supervised,0,3,arousal_9,0.996362901596282,0.42,0.31864773088440934
paper_10fold,fully_supervised,0,3,valence_9,0.9969690846635684,0.3109090909090909,0.2853349221912748
paper_10fold,fully_supervised,0,3,dominance_9,0.9951505354617094,0.36727272727272725,0.32959891463368574
paper_10fold,fully_supervised,0,4,arousal_bin,0.9951505354617094,0.7181818181818181,0.7180690458001382
paper_10fold,fully_supervised,0,4,valence_bin,0.9957567185289957,0.5454545454545454,0.5396040930033216
paper_10fold,fully_supervised,0,4,dominance_bin,0.9907051929682764,0.6727272727272727,0.6727229450967946
paper_10fold,fully_supervised,0,4,arousal_9,0.9947464134168519,0.43454545454545457,0.37086730337364066
paper_10fold,fully_supervised,0,4,valence_9,0.9949484744392807,0.3290909090909091,0.31111270245417205
paper_10fold,fully_supervised,0,4,dominance_9,0.9907051929682764,0.4,0.3661652106290795
paper_10fold,fully_supervised,0,5,arousal_bin,0.9995958779551425,0.7054545454545454,0.7052635757383297
paper_10fold,fully_supervised,0,5,valence_bin,0.9989896948878562,0.5618181818181818,0.5465259887991406
paper_10fold,fully_supervised,0,5,dominance_bin,0.9993938169327137,0.7418181818181818,0.7378103640440989
paper_10fold,fully_supervised,0,5,arousal_9,0.9979793897757122,0.4090909090909091,0.30234834176934816
paper_10fold,fully_supervised,0,5,valence_9,0.9985855728429985,0.3181818181818182,0.2991292522925616
paper_10fold,fully_supervised,0,5,dominance_9,0.9983835118205698,0.39636363636363636,0.37774584287441554
paper_10fold,fully_supervised,0,6,arousal_bin,0.9991917559102849,0.6690909090909091,0.6675037202380952
paper_10fold,fully_supervised,0,6,valence_bin,0.9989896948878562,0.5709090909090909,0.5601550639774452
paper_10fold,fully_supervised,0,6,dominance_bin,0.997373206708426,0.6745454545454546,0.6673300916742977
paper_10fold,fully_supervised,0,6,arousal_9,0.9989896948878562,0.36363636363636365,0.2851223959188259
paper_10fold,fully_supervised,0,6,valence_9,0.9993938169327137,0.2818181818181818,0.2536803898190161
paper_10fold,fully_supervised,0,6,dominance_9,0.9967670236411397,0.3836363636363636,0.3331783244370853
paper_10fold,fully_supervised,0,7,arousal_bin,0.9953525964841382,0.6727272727272727,0.6723763634438208
paper_10fold,fully_supervised,0,7,valence_bin,0.9939381693271367,0.5745454545454546,0.5687055133309205
paper_10fold,fully_supervised,0,7,dominance_bin,0.9945443523944231,0.7236363636363636,0.7226976608419908
paper_10fold,fully_supervised,0,7,arousal_9,0.9860577894524146,0.4127272727272727,0.306701081049826
paper_10fold,fully_supervised,0,7,valence_9,0.9864619114972721,0.33636363636363636,0.3138724367178476
paper_10fold,fully_supervised,0,7,dominance_9,0.9870680945645585,0.45636363636363636,0.4395538532567976
paper_10fold,fully_supervised,0,8,arousal_bin,0.9975752677308547,0.6927272727272727,0.6906564606040436
paper_10fold,fully_supervised,0,8,valence_bin,0.996362901596282,0.5545454545454546,0.5465573693260782
paper_10fold,fully_supervised,0,8,dominance_bin,0.9993938169327137,0.6981818181818182,0.6947876551133932
paper_10fold,fully_supervised,0,8,arousal_9,0.9983835118205698,0.4163636363636364,0.32238943813248877
paper_10fold,fully_supervised,0,8,valence_9,0.9957567185289957,0.2963636363636364,0.2561916352435925
paper_10fold,fully_supervised,0,8,dominance_9,0.997373206708426,0.4036363636363636,0.3859254240266422
paper_10fold,fully_supervised,0,9,arousal_bin,0.9997979797979798,0.692167577413479,0.6911181615103686
paper_10fold,fully_supervised,0,9,valence_bin,0.9977777777777778,0.5537340619307832,0.5454760496747487
paper_10fold,fully_supervised,0,9,dominance_bin,0.998989898989899,0.7103825136612022,0.7061354340251478
paper_10fold,fully_supervised,0,9,arousal_9,0.9981818181818182,0.424408014571949,0.3562227276619487
paper_10fold,fully_supervised,0,9,valence_9,0.996969696969697,0.3424408014571949,0.3227981671976033
paper_10fold,fully_supervised,0,9,dominance_9,0.9963636363636363,0.39526411657559196,0.3802122562435945
