scheme,model,pretext_epoch,target,train_acc,test_acc,test_f1
paper_10fold,fully_supervised,0,arousal_9,0.9960194345965208,0.4117135287299222,0.32853172311624906
paper_10fold,fully_supervised,0,arousal_bin,0.9981208365734533,0.6868531213777115,0.6856529874464682
paper_10fold,fully_supervised,0,dominance_9,0.9950697845294734,0.3986173207484683,0.3723440461971014
paper_10fold,fully_supervised,0,dominance_bin,0.9972924027096587,0.704856433184302,0.7013207203327261
paper_10fold,fully_supervised,0,valence_9,0.9958578102708231,0.31024408014571947,0.28512064618838073
paper_10fold,fully_supervised,0,valence_bin,0.997272221099661,0.5755552243748965,0.56692424056471
paper_10fold,self_supervised,10,arousal_9,0.5662650142565278,0.43571915880112605,0.33000253550862435
paper_10fold,self_supervised,10,arousal_bin,0.7013800441268617,0.6446660043053486,0.6348814023423348
paper_10fold,self_supervised,10,dominance_9,0.5706693975520001,0.43371816525914886,0.38833247698322687
paper_10fold,self_supervised,10,dominance_bin,0.7229597735283733,0.6792151018380526,0.6679949275399077
paper_10fold,self_supervised,10,valence_9,0.4939681641633551,0.33787812551746976,0.30854160243902135
paper_10fold,self_supervised,10,valence_bin,0.6024729697459541,0.5811939062758735,0.474606173502177
paper_10fold,self_supervised,25,arousal_9,0.6700613653202054,0.47063619804603407,0.38196525698575085
paper_10fold,self_supervised,25,arousal_bin,0.7478935444564865,0.6857595628415301,0.684409853328295
paper_10fold,self_supervised,25,dominance_9,0.6921865778414575,0.45717469779764863,0.42777033435424194
paper_10fold,self_supervised,25,dominance_bin,0.7626235317409292,0.7044937903626428,0.6914730263778379
paper_10fold,self_supervised,25,valence_9,0.6285387640804897,0.3804368272892863,0.356845796242086
paper_10fold,self_supervised,25,valence_bin,0.6478949650067047,0.6024732571617817,0.5505621749783001
paper_10fold,self_supervised,50,arousal_9,0.7970542278717667,0.49864017221394275,0.40949811799800784
paper_10fold,self_supervised,50,arousal_bin,0.8110163832709801,0.7063123033614838,0.7042843732190541
paper_10fold,self_supervised,50,dominance_9,0.8061467861071823,0.47662990561351215,0.4557884649109797
paper_10fold,self_supervised,50,dominance_bin,0.82103805074385,0.7214061930783242,0.7157906454967882
paper_10fold,self_supervised,50,valence_9,0.7707865357964369,0.41008047690014904,0.3877794163370569
paper_10fold,self_supervised,50,valence_bin,0.7077652214201012,0.6130134128166915,0.5787226397936251
paper_10fold,self_supervised,75,arousal_9,0.8343133905227258,0.5140947176684881,0.4453370401180283
paper_10fold,self_supervised,75,arousal_bin,0.821240385263016,0.7026749461831429,0.7017037566995092
paper_10fold,self_supervised,75,dominance_9,0.8335860484007585,0.4835416459678755,0.463688814403828
paper_10fold,self_supervised,75,dominance_bin,0.839041275556127,0.7228610697135287,0.7194244863451148
paper_10fold,self_supervised,75,valence_9,0.8024086286179639,0.4288044378208313,0.410470310458211
paper_10fold,self_supervised,75,valence_bin,0.725243132476513,0.6137439973505547,0.5902421152884442
paper_10fold,self_supervised,100,arousal_9,0.8548624454282162,0.5071819837721476,0.4324744566144842
paper_10fold,self_supervised,100,arousal_bin,0.8282512128763896,0.7044937903626428,0.7036016735281325
paper_10fold,self_supervised,100,dominance_9,0.8507810168771979,0.483906607054148,0.4673535232729071
paper_10fold,self_supervised,100,dominance_bin,0.8502757336958187,0.722856102003643,0.7205348585630897
paper_10fold,self_supervised,100,valence_9,0.8201492394137373,0.4200768339128995,0.39583243312628735
paper_10fold,self_supervised,100,valence_bin,0.7399928605105408,0.6226600430534857,0.595296467468027
trial_10fold,self_supervised,10,arousal_9,0.5776803739347056,0.3087374839316763,0.2033536888704822
trial_10fold,self_supervised,10,arousal_bin,0.7060470483699886,0.5936018899430878,0.5865024190795978
trial_10fold,self_supervised,10,dominance_9,0.5835994201054999,0.29547020553554126,0.22953496361860087
trial_10fold,self_supervised,10,dominance_bin,0.7215045095707795,0.62395613823563,0.6126959174497564
trial_10fold,self_supervised,10,valence_9,0.521247835777714,0.1907630409517887,0.16484341591215992
trial_10fold,self_supervised,10,valence_bin,0.6103143855824366,0.5533947033003294,0.448078369838573
trial_10fold,self_supervised,25,arousal_9,0.6867918558961067,0.3151337482843835,0.2023097488493218
trial_10fold,self_supervised,25,arousal_bin,0.7532263457847408,0.6037707785257694,0.5967266791254164
trial_10fold,self_supervised,25,dominance_9,0.7119870064949287,0.29053305798859336,0.22308895385456257
trial_10fold,self_supervised,25,dominance_bin,0.7777962005383625,0.6509705720776501,0.6400120546722722
trial_10fold,self_supervised,25,valence_9,0.6475121983942072,0.1842195179291368,0.15970231797715143
trial_10fold,self_supervised,25,valence_bin,0.6463023530783705,0.535399323000049,0.4815322654683558
trial_10fold,self_supervised,50,arousal_9,0.8172795390182396,0.2950924683302179,0.20027308352211265
trial_10fold,self_supervised,50,arousal_bin,0.8148764571916903,0.5970651236241074,0.5907628063484089
trial_10fold,self_supervised,50,dominance_9,0.8173192001863869,0.27435288969953214,0.223649901885611
trial_10fold,self_supervised,50,dominance_bin,0.8254413075721084,0.6344477494677132,0.6270603017903669
trial_10fold,self_supervised,50,valence_9,0.7833737461998832,0.18097029165631706,0.15940091018183947
trial_10fold,self_supervised,50,valence_bin,0.7289600104288728,0.5126406938494054,0.48905451716395343
trial_10fold,self_supervised,75,arousal_9,0.8451030376405594,0.2902036511582791,0.19118255780225768
trial_10fold,self_supervised,75,arousal_bin,0.8282711821162494,0.5946463361200204,0.5920003918174653
trial_10fold,self_supervised,75,dominance_9,0.8383539090546961,0.2661802988300266,0.21404379632707973
trial_10fold,self_supervised,75,dominance_bin,0.843768480545607,0.6333614359022708,0.6275467017784959
trial_10fold,self_supervised,75,valence_9,0.8237656331092712,0.19221482570665874,0.16529540351987393
trial_10fold,self_supervised,75,valence_bin,0.725282377458352,0.5202777174428717,0.4847436732158954
trial_10fold,self_supervised,100,arousal_9,0.8639766808821456,0.3031428148379146,0.1984627703982171
trial_10fold,self_supervised,100,arousal_bin,0.8362732801501519,0.5885182524674357,0.5847718356996677
trial_10fold,self_supervised,100,dominance_9,0.8583967155542431,0.2657943363351712,0.21218041978635607
trial_10fold,self_supervised,100,dominance_bin,0.8546407883481317,0.6421159844390335,0.6362497161060212
trial_10fold,self_supervised,100,valence_9,0.8341318456992219,0.18132635060039778,0.15744756239369015
trial_10fold,self_supervised,100,valence_bin,0.7523384157123697,0.5102830212739469,0.48825042387549267
