approach,feature_set,norm,model,accuracy,balanced_accuracy,macro_f1,macro_f1_std_across_pairs,acc_at_25pct,acc_at_50pct
generic,E4,none,logreg,0.26993166287015946,0.2783298296239715,0.2582529732713604,0.07868455761179687,0.15945330296127563,0.22209567198177677
personalised,E4,none,logreg,0.4168564920273349,0.43492452879461513,0.40966714923392233,0.137268335408678,0.4988610478359909,0.5011389521640092
generic,E4,none,random_forest,0.39920273348519364,0.3938291190891226,0.39037775964355387,0.09684011750651049,0.40774487471526194,0.3929384965831435
personalised,E4,none,random_forest,0.4857630979498861,0.49290210505469917,0.4754726605869661,0.12303817340334523,0.7061503416856492,0.5353075170842825
generic,E4,none,lightgbm,0.34054669703872437,0.3360511563329003,0.3364528667383701,0.08468676051207431,0.3325740318906606,0.33940774487471526
personalised,E4,none,lightgbm,0.43109339407744873,0.4307014709050669,0.4202759858879999,0.11520055942119574,0.662870159453303,0.5387243735763098
generic,E4,baseline,logreg,0.2972665148063781,0.3003426453658547,0.2974730397432002,0.09160464592024802,0.28929384965831434,0.28929384965831434
personalised,E4,baseline,logreg,0.4447608200455581,0.4517294940513108,0.43932272755482366,0.1274763523090442,0.7608200455580866,0.5649202733485194
generic,E4,baseline,random_forest,0.2767653758542141,0.27010318532881555,0.2707886778553022,0.12471776929523085,0.23234624145785876,0.24829157175398633
personalised,E4,baseline,random_forest,0.43337129840546695,0.44776861590422906,0.4315998809019395,0.1404841800319104,0.6993166287015945,0.5501138952164009
generic,E4,baseline,lightgbm,0.25626423690205014,0.2469621642913258,0.2443726748939852,0.09627776441403764,0.23006833712984054,0.22209567198177677
personalised,E4,baseline,lightgbm,0.39123006833712987,0.39563548800578,0.385913860576843,0.11488567067798863,0.5535307517084282,0.4544419134396355
generic,E4,calib,logreg,0.3564920273348519,0.349501972740706,0.346652806704848,0.09117789211011164,0.4168564920273349,0.38610478359908884
personalised,E4,calib,logreg,0.4920273348519362,0.4957621438348861,0.4849592333194656,0.10306043789492046,0.744874715261959,0.6207289293849658
generic,E4,calib,random_forest,0.3439635535307517,0.33199822420693215,0.32420744141611274,0.13089980511601984,0.30751708428246016,0.357630979498861
personalised,E4,calib,random_forest,0.49145785876993164,0.4952547044370888,0.4752495356774283,0.11223937086868539,0.7266514806378133,0.6366742596810934
generic,E4,calib,lightgbm,0.37186788154897493,0.3636008665696074,0.35676315401456654,0.11211602224126865,0.36674259681093396,0.39977220956719817
personalised,E4,calib,lightgbm,0.5005694760820045,0.502258097159384,0.48136401627089304,0.1040748571762894,0.6583143507972665,0.5785876993166287
generic,E4+EEG,none,logreg,0.2619589977220957,0.2701575907536892,0.253670079590085,0.0723562724409968,0.1867881548974943,0.2164009111617312
personalised,E4+EEG,none,logreg,0.41173120728929385,0.42928899726449526,0.405138201748746,0.1334962154915972,0.48519362186788156,0.48519362186788156
generic,E4+EEG,none,random_forest,0.4168564920273349,0.409578619103268,0.4092879617142433,0.0944976538752431,0.42596810933940776,0.4168564920273349
personalised,E4+EEG,none,random_forest,0.49259681093394075,0.49980718717424755,0.4857793124854375,0.11671941835204075,0.715261958997722,0.5671981776765376
generic,E4+EEG,none,lightgbm,0.3661731207289294,0.36217054794967724,0.3631256292138135,0.10722392981993102,0.3690205011389522,0.3678815489749431
personalised,E4+EEG,none,lightgbm,0.4458997722095672,0.44519197498220936,0.4375620468580152,0.11224040823088557,0.6879271070615034,0.5535307517084282
generic,E4+EEG,baseline,logreg,0.321753986332574,0.3263754779516575,0.3218960449811514,0.0998715970372281,0.3052391799544419,0.28929384965831434
personalised,E4+EEG,baseline,logreg,0.4430523917995444,0.45175669676374763,0.43763043752311237,0.11177500490503357,0.7289293849658315,0.5535307517084282
generic,E4+EEG,baseline,random_forest,0.27733485193621865,0.27076301432168404,0.2725217067825275,0.11234105520640965,0.20045558086560364,0.23462414578587698
personalised,E4+EEG,baseline,random_forest,0.4419134396355353,0.45476961478782973,0.43927047730198865,0.12968182471074116,0.7129840546697038,0.5523917995444191
generic,E4+EEG,baseline,lightgbm,0.2619589977220957,0.2550955576882482,0.2536185041772552,0.11361127542059227,0.214123006833713,0.23348519362186787
personalised,E4+EEG,baseline,lightgbm,0.40888382687927105,0.41434415348423226,0.4043871025532844,0.11998813643344716,0.5626423690205011,0.48291571753986334
generic,E4+EEG,calib,logreg,0.37414578587699315,0.367838015464198,0.3661093345396007,0.1084265145051473,0.44646924829157175,0.4009111617312073
personalised,E4+EEG,calib,logreg,0.4886104783599089,0.4924434129175889,0.4801559490965001,0.09194523632504159,0.7334851936218679,0.621867881548975
generic,E4+EEG,calib,random_forest,0.34339407744874717,0.3321937573039283,0.32233875995719974,0.12062396523101937,0.3348519362186788,0.3621867881548975
personalised,E4+EEG,calib,random_forest,0.49430523917995445,0.49794891548226056,0.4775022475356005,0.10886282810759683,0.7266514806378133,0.643507972665148
generic,E4+EEG,calib,lightgbm,0.3678815489749431,0.36045351274066234,0.3553356026578351,0.10128141308337718,0.3621867881548975,0.3929384965831435
personalised,E4+EEG,calib,lightgbm,0.5005694760820045,0.5025196784421769,0.4825632982237729,0.11220506481079069,0.6674259681093394,0.5865603644646925
generic,ALL,none,logreg,0.24031890660592256,0.24561514037687723,0.23486260388482774,0.06755573339094072,0.1776765375854214,0.20045558086560364
personalised,ALL,none,logreg,0.4020501138952164,0.41886965113065355,0.39687399524601635,0.1313090902705037,0.4715261958997722,0.46697038724373574
generic,ALL,none,random_forest,0.4037585421412301,0.3973635675160441,0.3966262954880351,0.09495387353257626,0.4328018223234624,0.4054669703872437
personalised,ALL,none,random_forest,0.4874715261958998,0.4944564680433416,0.48040732346686804,0.11800043481007327,0.7380410022779044,0.5694760820045558
generic,ALL,none,lightgbm,0.3337129840546697,0.3267718758772875,0.3266072478303899,0.10549933551113173,0.3530751708428246,0.3416856492027335
personalised,ALL,none,lightgbm,0.4396355353075171,0.4376783137800236,0.43071929775958506,0.11777692729618669,0.6674259681093394,0.5455580865603644
generic,ALL,baseline,logreg,0.3206150341685649,0.32502747473956123,0.3211497357561249,0.1028804119034456,0.25968109339407747,0.3052391799544419
personalised,ALL,baseline,logreg,0.44817767653758545,0.4571083407868765,0.4373388161460816,0.11053039449024564,0.7175398633257403,0.5649202733485194
generic,ALL,baseline,random_forest,0.26879271070615035,0.2623319144398526,0.2636103908755214,0.10298169960527252,0.22095671981776766,0.24943052391799544
personalised,ALL,baseline,random_forest,0.4367881548974943,0.45062272449310464,0.4339229502618253,0.12424098014619016,0.724373576309795,0.5478359908883826
generic,ALL,baseline,lightgbm,0.2539863325740319,0.2475747149699791,0.24720935900515828,0.11431766248498697,0.1662870159453303,0.21184510250569477
personalised,ALL,baseline,lightgbm,0.4253986332574032,0.4319078567962169,0.42033336330032506,0.11940646375450487,0.5466970387243736,0.47038724373576307
generic,ALL,calib,logreg,0.3775626423690205,0.37300081825759007,0.370988678804387,0.11093283686209081,0.4419134396355353,0.3952164009111617
personalised,ALL,calib,logreg,0.4880410022779043,0.4918128540433024,0.47963407816348996,0.09459938243089613,0.7129840546697038,0.623006833712984
generic,ALL,calib,random_forest,0.3308656036446469,0.315996990291896,0.3069662803926405,0.11867165419366527,0.2847380410022779,0.3348519362186788
personalised,ALL,calib,random_forest,0.49544419134396356,0.49933222781509984,0.48052722824106237,0.10843628299644283,0.7289293849658315,0.6332574031890661
generic,ALL,calib,lightgbm,0.3542141230068337,0.3462182245116025,0.33844109204555206,0.10301204346925462,0.34851936218678814,0.35876993166287013
personalised,ALL,calib,lightgbm,0.49031890660592253,0.49201524222383264,0.47763306487695983,0.10898796839365762,0.6560364464692483,0.5842824601366743
prior_only,-,-,-,0.45785876993166286,0.4690911356153145,0.45726058975742534,0.11820900372129825,0.8200455580865603,0.6412300683371298
majority_class,-,-,-,0.3690205011389522,0.3333333333333333,0.17970049916805322,0.0813125493878851,0.45785876993166286,0.4191343963553531
