target,feature_set,norm,model,accuracy,balanced_accuracy,macro_f1,macro_f1_std_across_pairs,acc_at_25pct,acc_at_50pct
valence,E4,none,logreg,0.3550080775444265,0.3254403327784114,0.31341717003927044,0.11416279441264486,0.44749596122778673,0.39095315024232635
valence,E4,none,random_forest,0.5169628432956381,0.44401660028530304,0.43561599802646506,0.13517987488439578,0.6849757673667205,0.6332794830371568
valence,E4,none,lightgbm,0.484248788368336,0.41196650506547416,0.4046063702182976,0.11221227558459303,0.6268174474959612,0.5339256865912763
valence,E4,baseline,logreg,0.3053311793214863,0.28394016685374873,0.27235369902759804,0.08558050142911368,0.2617124394184168,0.265751211631664
valence,E4,baseline,random_forest,0.43618739903069464,0.29085046565842426,0.28305400558931254,0.06830832596437472,0.43295638126009695,0.49192245557350567
valence,E4,baseline,lightgbm,0.45840064620355414,0.3137588087828075,0.3090111540061322,0.05257102662607722,0.5234248788368336,0.5032310177705978
valence,E4,calib,logreg,0.28190630048465265,0.2835749854140378,0.2627287017470528,0.05709284416129531,0.18739903069466882,0.23990306946688206
valence,E4,calib,random_forest,0.4531502423263328,0.3122424574419913,0.308524799532868,0.05077776489500455,0.5395799676898223,0.5016155088852988
valence,E4,calib,lightgbm,0.462843295638126,0.31496594002473116,0.31023472111670763,0.06418930268585252,0.5460420032310178,0.5048465266558966
valence,E4+EEG,none,logreg,0.36268174474959614,0.3357970443562733,0.32294478909430985,0.09630285192833263,0.44749596122778673,0.3998384491114701
valence,E4+EEG,none,random_forest,0.5238287560581584,0.4522560533755377,0.44410316741205236,0.12420347185207774,0.6623586429725363,0.6421647819063004
valence,E4+EEG,none,lightgbm,0.4789983844911147,0.4043457727386354,0.3977686551929322,0.10514376807763158,0.6268174474959612,0.5411954765751211
valence,E4+EEG,baseline,logreg,0.3174474959612278,0.3145251484525542,0.2938175236373252,0.08110124322838122,0.25363489499192243,0.2802907915993538
valence,E4+EEG,baseline,random_forest,0.4418416801292407,0.2906148411389216,0.27942144701116317,0.068360231576197,0.4378029079159935,0.505654281098546
valence,E4+EEG,baseline,lightgbm,0.4559773828756058,0.31249951073496923,0.30845349640841996,0.049945845845490375,0.5169628432956381,0.4983844911147011
valence,E4+EEG,calib,logreg,0.28473344103392567,0.29965631632530804,0.27074819866303657,0.0686203107356126,0.22132471728594508,0.2641357027463651
valence,E4+EEG,calib,random_forest,0.45395799676898224,0.3103162089422699,0.3052219737702859,0.053126812434331885,0.5411954765751211,0.5064620355411955
valence,E4+EEG,calib,lightgbm,0.47051696284329564,0.32613223057249874,0.3223081563161713,0.05465438714179364,0.531502423263328,0.5169628432956381
valence,ALL,none,logreg,0.3622778675282714,0.33338142963816925,0.32114772379298007,0.09923922280751969,0.42649434571890144,0.3788368336025848
valence,ALL,none,random_forest,0.5205977382875606,0.4427246048451841,0.43664360170376365,0.11554235806482907,0.6381260096930533,0.6397415185783522
valence,ALL,none,lightgbm,0.5024232633279483,0.41280702444301404,0.41002611302326253,0.11671881160297876,0.6348949919224556,0.5444264943457189
valence,ALL,baseline,logreg,0.31906300484652667,0.31349698127500514,0.2927761165305748,0.08192687097299284,0.2681744749596123,0.28836833602584816
valence,ALL,baseline,random_forest,0.4349757673667205,0.27969353496341953,0.26724536032396656,0.05441910710822159,0.3925686591276252,0.46122778675282716
valence,ALL,baseline,lightgbm,0.4717285945072698,0.32008483660157777,0.31415857302819833,0.051227881346500095,0.48303715670436187,0.49192245557350567
valence,ALL,calib,logreg,0.2806946688206785,0.29741482246521045,0.26765453707248726,0.07130539936213047,0.2197092084006462,0.24798061389337642
valence,ALL,calib,random_forest,0.44951534733441034,0.30322102659876976,0.29846810038074917,0.053982934278911335,0.531502423263328,0.4894991922455573
valence,ALL,calib,lightgbm,0.45718901453957994,0.31244147044896703,0.3076571771708358,0.06922235583010156,0.5444264943457189,0.4894991922455573
arousal,E4,none,logreg,0.2948303715670436,0.3093695279326909,0.2834536265585494,0.061688213391994026,0.22617124394184168,0.252827140549273
arousal,E4,none,random_forest,0.364297253634895,0.36723705417051605,0.35793478985274696,0.07723225757636722,0.40064620355411956,0.3667205169628433
arousal,E4,none,lightgbm,0.342891760904685,0.33977460983246904,0.33974194010893166,0.08259027856406966,0.3295638126009693,0.3546042003231018
arousal,E4,baseline,logreg,0.29604200323101776,0.3006248974426409,0.2954004771802595,0.08005106408716359,0.27948303715670436,0.27221324717285944
arousal,E4,baseline,random_forest,0.27907915993537963,0.28136558073877266,0.2790120355808487,0.09523491517913944,0.25040387722132473,0.2552504038772213
arousal,E4,baseline,lightgbm,0.27948303715670436,0.27856871511644893,0.2764864126129512,0.07910748950096723,0.24878836833602586,0.24394184168012925
arousal,E4,calib,logreg,0.3432956381260097,0.34045120742324214,0.33968264567292233,0.07456262489237477,0.38126009693053314,0.3578352180936995
arousal,E4,calib,random_forest,0.3465266558966074,0.33539010009598247,0.33126139611604627,0.10374510440241685,0.3408723747980614,0.36995153473344106
arousal,E4,calib,lightgbm,0.36268174474959614,0.3547823760938515,0.35098452829116034,0.0844702476263202,0.36995153473344106,0.3861066235864297
arousal,E4+EEG,none,logreg,0.27746365105008075,0.2911815282114221,0.26748269515582984,0.05490817418692945,0.24878836833602586,0.2455573505654281
arousal,E4+EEG,none,random_forest,0.3804523424878837,0.38028313698516203,0.3760810617061208,0.08161790386121895,0.4087237479806139,0.39337641357027464
arousal,E4+EEG,none,lightgbm,0.3630856219709208,0.3608760252926116,0.36125134264499176,0.10339367443826986,0.3683360258481422,0.36268174474959614
arousal,E4+EEG,baseline,logreg,0.31098546042003233,0.316083578909037,0.3099821573795501,0.07733245927258395,0.2778675282714055,0.2762520193861066
arousal,E4+EEG,baseline,random_forest,0.2823101777059774,0.2843573334412293,0.2828697271918011,0.0819114480549876,0.23747980613893377,0.24232633279483037
arousal,E4+EEG,baseline,lightgbm,0.28554119547657514,0.28599027138082106,0.2843005298686057,0.08971768826145085,0.25040387722132473,0.2641357027463651
arousal,E4+EEG,calib,logreg,0.36712439418416803,0.3645456118937315,0.3638350309402538,0.09069908256742176,0.42326332794830374,0.3675282714054927
arousal,E4+EEG,calib,random_forest,0.3465266558966074,0.3349672827975625,0.3294293975812518,0.10295959660790645,0.3554119547657512,0.36995153473344106
arousal,E4+EEG,calib,lightgbm,0.3594507269789984,0.3530902077671605,0.35045585770326704,0.07647400724898314,0.3683360258481422,0.38368336025848143
arousal,ALL,none,logreg,0.2592891760904685,0.27025836587070917,0.25261657534653215,0.05448966104238686,0.23747980613893377,0.22859450726978997
arousal,ALL,none,random_forest,0.364297253634895,0.3646594646112486,0.35940973788868646,0.08518775255866547,0.3990306946688207,0.3715670436187399
arousal,ALL,none,lightgbm,0.3315831987075929,0.32925059511366167,0.32757393206197305,0.09959102724135252,0.3554119547657512,0.3368336025848142
arousal,ALL,baseline,logreg,0.3150242326332795,0.3189559717042842,0.31340545566880035,0.07501811974299395,0.2552504038772213,0.30290791599353795
arousal,ALL,baseline,random_forest,0.27584814216478193,0.2781172379533035,0.27587163606916937,0.0810217220385136,0.25363489499192243,0.2592891760904685
arousal,ALL,baseline,lightgbm,0.2701938610662359,0.2704797773746665,0.26888416400047,0.09729268616853028,0.21809369951534732,0.23909531502423265
arousal,ALL,calib,logreg,0.36106623586429726,0.35910765544323886,0.358183636836985,0.08804241069254086,0.3974151857835218,0.3691437802907916
arousal,ALL,calib,random_forest,0.3255250403877221,0.31346496640614285,0.3092718205955076,0.09240688651078308,0.3198707592891761,0.345718901453958
arousal,ALL,calib,lightgbm,0.3384491114701131,0.33167207270389526,0.3285679131207529,0.0728952152558242,0.3376413570274637,0.3465266558966074
